id,project_id,reported_by,pct_overall,weather,worker_count,notes,logged_at,created_at,mode,rab_item_id,pct_completion
9f010000-0000-0000-0000-000000000002,c0000000-0000-0000-0000-000000000001,a0000000-0000-0000-0000-000000000004,25.00,Cerah,10,Galian pondasi dan cor sloof selesai,2026-03-01T01:00:00.000Z,2026-06-13T16:41:44.391Z,daily,,
9f010000-0000-0000-0000-000000000003,c0000000-0000-0000-0000-000000000001,a0000000-0000-0000-0000-000000000004,45.00,Berawan,12,Pasang bata dan kolom selesai,2026-04-01T01:00:00.000Z,2026-06-13T16:41:44.391Z,daily,,
9f010000-0000-0000-0000-000000000004,c0000000-0000-0000-0000-000000000001,a0000000-0000-0000-0000-000000000002,55.00,Cerah,10,Plester dan acian 70% selesai,2026-05-01T01:00:00.000Z,2026-06-13T16:41:44.391Z,daily,,
9f010000-0000-0000-0000-000000000005,c0000000-0000-0000-0000-000000000001,a0000000-0000-0000-0000-000000000002,65.00,Cerah,9,"Keramik lantai 1 selesai, mulai cat primer",2026-06-01T01:00:00.000Z,2026-06-13T16:41:44.391Z,daily,,
9f020000-0000-0000-0000-000000000001,c0000000-0000-0000-0000-000000000002,a0000000-0000-0000-0000-000000000004,10.00,Cerah,12,Galian dan cor pondasi bore pile,2026-04-01T01:00:00.000Z,2026-06-13T16:41:44.391Z,daily,,
9f020000-0000-0000-0000-000000000002,c0000000-0000-0000-0000-000000000002,a0000000-0000-0000-0000-000000000004,25.00,Cerah,14,Kolom lantai 1 dan sloof selesai,2026-05-01T01:00:00.000Z,2026-06-13T16:41:44.391Z,daily,,
9f020000-0000-0000-0000-000000000003,c0000000-0000-0000-0000-000000000002,a0000000-0000-0000-0000-000000000002,40.00,Hujan,10,Dinding bata lantai 1 80% selesai,2026-06-01T01:00:00.000Z,2026-06-13T16:41:44.391Z,daily,,
9f030000-0000-0000-0000-000000000001,c0000000-0000-0000-0000-000000000003,a0000000-0000-0000-0000-000000000005,20.00,Cerah,6,Bongkar dapur dan KM lama selesai,2026-04-05T01:00:00.000Z,2026-06-13T16:41:44.391Z,daily,,
9f030000-0000-0000-0000-000000000002,c0000000-0000-0000-0000-000000000003,a0000000-0000-0000-0000-000000000005,50.00,Cerah,7,Pasang keramik dapur dan dinding KM 1 selesai,2026-05-10T01:00:00.000Z,2026-06-13T16:41:44.391Z,daily,,
9f030000-0000-0000-0000-000000000003,c0000000-0000-0000-0000-000000000003,a0000000-0000-0000-0000-000000000003,85.00,Berawan,6,"Instalasi sanitasi KM 2 selesai, tinggal cat",2026-06-05T01:00:00.000Z,2026-06-13T16:41:44.391Z,daily,,
9f050000-0000-0000-0000-000000000002,c0000000-0000-0000-0000-000000000005,a0000000-0000-0000-0000-000000000006,20.00,Cerah,6,Plester fasad baru 50% selesai,2026-06-07T01:00:00.000Z,2026-06-13T16:41:44.391Z,daily,,
9f060000-0000-0000-0000-000000000001,c0000000-0000-0000-0000-000000000006,a0000000-0000-0000-0000-000000000004,8.00,Cerah,15,Galian bore pile dan cor pondasi telapak,2026-01-25T01:00:00.000Z,2026-06-13T16:41:44.391Z,daily,,
9f060000-0000-0000-0000-000000000002,c0000000-0000-0000-0000-000000000006,a0000000-0000-0000-0000-000000000004,18.00,Cerah,18,Kolom lantai 1 sampai 60% selesai,2026-02-28T01:00:00.000Z,2026-06-13T16:41:44.391Z,daily,,
9f060000-0000-0000-0000-000000000003,c0000000-0000-0000-0000-000000000006,a0000000-0000-0000-0000-000000000015,30.00,Cerah,20,Balok dan plat lantai 1 selesai,2026-04-01T01:00:00.000Z,2026-06-13T16:41:44.391Z,daily,,
9f060000-0000-0000-0000-000000000004,c0000000-0000-0000-0000-000000000006,a0000000-0000-0000-0000-000000000015,35.00,Berawan,18,Kolom lantai 2 mulai dikerjakan,2026-05-15T01:00:00.000Z,2026-06-13T16:41:44.391Z,daily,,
9f070000-0000-0000-0000-000000000001,c0000000-0000-0000-0000-000000000007,a0000000-0000-0000-0000-000000000007,15.00,Cerah,8,"Bongkaran selesai, mulai cor pondasi",2025-11-15T01:00:00.000Z,2026-06-13T16:41:44.391Z,daily,,
9f070000-0000-0000-0000-000000000002,c0000000-0000-0000-0000-000000000007,a0000000-0000-0000-0000-000000000007,35.00,Cerah,10,Struktur bata lantai 1 selesai,2025-12-20T01:00:00.000Z,2026-06-13T16:41:44.391Z,daily,,
9f070000-0000-0000-0000-000000000003,c0000000-0000-0000-0000-000000000007,a0000000-0000-0000-0000-000000000007,55.00,Cerah,10,Plester dan acian selesai 70%,2026-02-15T01:00:00.000Z,2026-06-13T16:41:44.391Z,daily,,
9f070000-0000-0000-0000-000000000004,c0000000-0000-0000-0000-000000000007,a0000000-0000-0000-0000-000000000003,70.00,Cerah,8,"Keramik lantai 1 selesai, cat primer",2026-04-10T01:00:00.000Z,2026-06-13T16:41:44.391Z,daily,,
9f080000-0000-0000-0000-000000000001,c0000000-0000-0000-0000-000000000008,a0000000-0000-0000-0000-000000000014,5.00,Cerah,12,Mobilisasi alat dan marking lokasi,2026-04-10T01:00:00.000Z,2026-06-13T16:41:44.391Z,daily,,
9f080000-0000-0000-0000-000000000002,c0000000-0000-0000-0000-000000000008,a0000000-0000-0000-0000-000000000014,15.00,Cerah,15,Galian basement tahap 1 selesai 60%,2026-05-20T01:00:00.000Z,2026-06-13T16:41:44.391Z,daily,,
9f110000-0000-0000-0000-000000000001,c0000000-0000-0000-0000-000000000011,a0000000-0000-0000-0000-000000000013,15.00,Cerah,12,Galian pondasi selesai,2026-03-01T01:00:00.000Z,2026-06-13T16:41:44.391Z,daily,,
9f110000-0000-0000-0000-000000000002,c0000000-0000-0000-0000-000000000011,a0000000-0000-0000-0000-000000000013,30.00,Cerah,14,Pondasi telapak dan sloof selesai,2026-04-01T01:00:00.000Z,2026-06-13T16:41:44.391Z,daily,,
9f110000-0000-0000-0000-000000000003,c0000000-0000-0000-0000-000000000011,a0000000-0000-0000-0000-000000000015,50.00,Berawan,16,"Cor lantai gudang 50% selesai, rangka baja mulai",2026-05-15T01:00:00.000Z,2026-06-13T16:41:44.391Z,daily,,
9f130000-0000-0000-0000-000000000001,c0000000-0000-0000-0000-000000000013,a0000000-0000-0000-0000-000000000005,30.00,Cerah,5,Pondasi dan dinding tambah ruang selesai,2026-03-20T01:00:00.000Z,2026-06-13T16:41:44.391Z,daily,,
9f130000-0000-0000-0000-000000000002,c0000000-0000-0000-0000-000000000013,a0000000-0000-0000-0000-000000000005,60.00,Cerah,5,Atap carport dan dinding plester selesai,2026-04-25T01:00:00.000Z,2026-06-13T16:41:44.391Z,daily,,
9f130000-0000-0000-0000-000000000003,c0000000-0000-0000-0000-000000000013,a0000000-0000-0000-0000-000000000002,80.00,Cerah,4,Keramik dan cat 70% selesai,2026-05-25T01:00:00.000Z,2026-06-13T16:41:44.391Z,daily,,
9f140000-0000-0000-0000-000000000001,c0000000-0000-0000-0000-000000000014,a0000000-0000-0000-0000-000000000007,30.00,Cerah,6,Bongkaran dan partisi baru selesai,2026-01-10T01:00:00.000Z,2026-06-13T16:41:44.391Z,daily,,
9f140000-0000-0000-0000-000000000002,c0000000-0000-0000-0000-000000000014,a0000000-0000-0000-0000-000000000007,60.00,Cerah,6,Lantai vinyl dan plafon selesai,2026-02-20T01:00:00.000Z,2026-06-13T16:41:44.391Z,daily,,
9f140000-0000-0000-0000-000000000003,c0000000-0000-0000-0000-000000000014,a0000000-0000-0000-0000-000000000007,85.00,Cerah,5,Cat dan MEP selesai,2026-03-25T01:00:00.000Z,2026-06-13T16:41:44.391Z,daily,,
9f140000-0000-0000-0000-000000000004,c0000000-0000-0000-0000-000000000014,a0000000-0000-0000-0000-000000000003,95.00,Cerah,4,Final touch dan bersih-bersih,2026-04-20T01:00:00.000Z,2026-06-13T16:41:44.391Z,daily,,
dc776cb5-f63e-46d2-9f17-0b488d81f40d,c0000000-0000-0000-0000-000000000001,a0000000-0000-0000-0000-000000000002,,,,Progress update Pasang papan bouwplank — 100%,2026-02-06T00:00:00.000Z,2026-06-16T15:23:50.555Z,detail,2ee11601-1da4-43c4-83b8-f7a00a5cd55c,100.00
2d8230cd-a183-486f-a97e-4a7cb79e4506,c0000000-0000-0000-0000-000000000001,a0000000-0000-0000-0000-000000000002,,,,Progress update Pagar Proyek — 100%,2026-02-06T00:00:00.000Z,2026-06-16T15:23:50.710Z,detail,a23701d1-2755-4e50-8d5f-f5ceaea355ea,100.00
6f9b17a2-cfef-4715-b528-beb8481a0cf5,c0000000-0000-0000-0000-000000000001,a0000000-0000-0000-0000-000000000002,,,,Progress update Air Kerja — 100%,2026-02-06T00:00:00.000Z,2026-06-16T15:23:50.853Z,detail,0149038b-5913-4f52-b355-71ad21b329ea,100.00
41db43a8-b40d-4c8c-9061-41a964283e8d,c0000000-0000-0000-0000-000000000001,a0000000-0000-0000-0000-000000000002,,,,Progress update Listrik kerja — 100%,2026-02-06T00:00:00.000Z,2026-06-16T15:23:51.015Z,detail,2049d7f0-8833-4e42-be6e-d2efddfca4bb,100.00
237e48ca-8c58-4573-96e0-05901131abe2,c0000000-0000-0000-0000-000000000001,a0000000-0000-0000-0000-000000000002,,,,Progress update Kebersihan lokasi (dari mulai pekerjaan s/d akhir) — 100%,2026-02-06T00:00:00.000Z,2026-06-16T15:23:51.152Z,detail,d5d9413a-8614-4e10-b956-299f23876475,100.00
0e12c839-a428-4a3b-8407-bcaa548caa25,c0000000-0000-0000-0000-000000000001,a0000000-0000-0000-0000-000000000002,,,,Progress update Galian Tanah Pondasi Batu Kali — 100%,2026-03-04T00:00:00.000Z,2026-06-16T15:23:51.304Z,detail,9889d338-e68a-4513-b9d6-1ba9dc241d91,100.00
a6cfc81a-e089-4a20-bd08-22e67337f13e,c0000000-0000-0000-0000-000000000001,a0000000-0000-0000-0000-000000000002,,,,Progress update Galian Tanah Foot Plat — 100%,2026-03-04T00:00:00.000Z,2026-06-16T15:23:51.456Z,detail,027a4a70-9d90-4762-8a36-99771ef32792,100.00
216648ea-02c5-4947-9f87-5feddde2ffaf,c0000000-0000-0000-0000-000000000001,a0000000-0000-0000-0000-000000000002,,,,Progress update Galian Tanah Area Carport — 100%,2026-03-04T00:00:00.000Z,2026-06-16T15:23:51.580Z,detail,a95906ef-9ba6-4485-983a-088d7bd238f3,100.00
46652bc7-1fb8-406a-9a98-8fc23597d147,c0000000-0000-0000-0000-000000000001,a0000000-0000-0000-0000-000000000002,,,,Progress update Galian Retaining Wall — 100%,2026-03-04T00:00:00.000Z,2026-06-16T15:23:51.706Z,detail,125ebe59-3bbd-42a8-bada-87c711b66519,100.00
4dccc238-7a09-4290-998e-7d081f73891f,c0000000-0000-0000-0000-000000000001,a0000000-0000-0000-0000-000000000002,,,,Progress update Urugan Tanah Kembali — 100%,2026-03-04T00:00:00.000Z,2026-06-16T15:23:51.823Z,detail,e92650b3-768f-4296-8d4a-1cb5e6dda160,100.00
6d4c47bc-d355-4c79-a379-b433199fd719,c0000000-0000-0000-0000-000000000001,a0000000-0000-0000-0000-000000000002,,,,Progress update Pengeboran Tanah Bored Pile Æ 300 — 100%,2026-03-04T00:00:00.000Z,2026-06-16T15:23:51.946Z,detail,d0021af7-ccca-45b6-8323-71213f35c8b6,100.00
d26600e4-d66c-4b36-b3f6-697f0a226a8d,c0000000-0000-0000-0000-000000000001,a0000000-0000-0000-0000-000000000002,,,,Progress update Bored Pile Æ 300 — 100%,2026-03-12T00:00:00.000Z,2026-06-16T15:23:52.069Z,detail,5fb2c3ad-db81-47c9-a115-d1c50186b40d,100.00
8afc5e7a-6bc6-4881-b6bd-29c184d37aa5,c0000000-0000-0000-0000-000000000001,a0000000-0000-0000-0000-000000000002,,,,Progress update Sloof TB3 — 100%,2026-03-12T00:00:00.000Z,2026-06-16T15:23:52.173Z,detail,c511e1cf-d887-442f-a92c-52dbd9f955b1,100.00
d5dbe0ca-0cf6-4913-8c61-ff717d9fc452,c0000000-0000-0000-0000-000000000001,a0000000-0000-0000-0000-000000000002,,,,Progress update Sloof TB5A — 100%,2026-03-12T00:00:00.000Z,2026-06-16T15:23:52.258Z,detail,4666e727-f3d1-4e1b-b7c9-660fff85240f,100.00
5cab09e9-d082-42a3-9b3e-06fe38108131,c0000000-0000-0000-0000-000000000001,a0000000-0000-0000-0000-000000000002,,,,Progress update Kolom — 95%,2026-04-05T00:00:00.000Z,2026-06-16T15:23:52.340Z,detail,1d6bdb0e-22d5-4b3a-9f6d-a9c7b0edaf45,95.00
e6e4fdc8-1310-4fb8-8bcd-f9002767274a,c0000000-0000-0000-0000-000000000001,a0000000-0000-0000-0000-000000000002,,,,Progress update Kolom — 95%,2026-04-05T00:00:00.000Z,2026-06-16T15:23:52.423Z,detail,1081b34f-b419-48cb-94b9-de10e678dbb9,95.00
79b1b5b3-6725-4303-975c-e534b93083af,c0000000-0000-0000-0000-000000000001,a0000000-0000-0000-0000-000000000002,,,,Progress update Kolom — 95%,2026-04-05T00:00:00.000Z,2026-06-16T15:23:52.504Z,detail,6f24960e-9321-4244-8bf6-d06eab537a2a,95.00
5ac9e178-64ce-45e9-ac62-0b2cdd318bf5,c0000000-0000-0000-0000-000000000001,a0000000-0000-0000-0000-000000000002,,,,Progress update Kolom — 80%,2026-04-05T00:00:00.000Z,2026-06-16T15:23:52.588Z,detail,a3532d51-6194-452c-98a0-200d4ed366ea,80.00
1bc5dd04-c676-4643-8548-793587c097bb,c0000000-0000-0000-0000-000000000001,a0000000-0000-0000-0000-000000000002,,,,Progress update Kolom — 80%,2026-04-05T00:00:00.000Z,2026-06-16T15:23:52.683Z,detail,05f14f5f-ffc8-40d2-9b7d-fddcc2d10caf,80.00
3b03e705-0770-4ce5-9d71-1f748d956c4b,c0000000-0000-0000-0000-000000000001,a0000000-0000-0000-0000-000000000002,,,,Progress update Kolom — 80%,2026-04-05T00:00:00.000Z,2026-06-16T15:23:52.780Z,detail,3844f47f-61f2-47dd-8fcf-54dc8e468b2e,80.00
8d81f78d-24fb-46b0-9ee2-c4ec410d132f,c0000000-0000-0000-0000-000000000001,a0000000-0000-0000-0000-000000000002,,,,Progress update Kolom — 80%,2026-04-05T00:00:00.000Z,2026-06-16T15:23:52.885Z,detail,00ead64e-104a-4923-9ed0-20158ae9d201,80.00
db766654-20bf-46af-8bf3-b0121b31c789,c0000000-0000-0000-0000-000000000001,a0000000-0000-0000-0000-000000000002,,,,Progress update Kolom — 80%,2026-04-05T00:00:00.000Z,2026-06-16T15:23:53.002Z,detail,f60662d3-6add-4835-aca1-8ea1e5b22448,80.00
d54168cc-c7a8-4740-8786-d4e9d0d2976e,c0000000-0000-0000-0000-000000000001,a0000000-0000-0000-0000-000000000002,,,,Progress update Kolom — 80%,2026-04-05T00:00:00.000Z,2026-06-16T15:23:53.123Z,detail,0ac3524e-7053-48ac-9425-9a61efbb9b70,80.00
07813903-2ca9-4e9f-a36a-2b76cab53b21,c0000000-0000-0000-0000-000000000001,a0000000-0000-0000-0000-000000000002,,,,Progress update Kolom — 80%,2026-04-05T00:00:00.000Z,2026-06-16T15:23:53.232Z,detail,20364c1c-77dc-4f79-b50a-d09c396d3447,80.00
3076174b-b678-4089-8444-bb3f5a615490,c0000000-0000-0000-0000-000000000001,a0000000-0000-0000-0000-000000000002,,,,Progress update Balok — 75%,2026-04-15T00:00:00.000Z,2026-06-16T15:23:53.317Z,detail,967d2136-9067-4fe4-a313-a89fe4d74f7c,75.00
eaf15252-7223-41b8-9d67-f86dcd903ab6,c0000000-0000-0000-0000-000000000001,a0000000-0000-0000-0000-000000000002,,,,Progress update Balok — 75%,2026-04-15T00:00:00.000Z,2026-06-16T15:23:53.397Z,detail,84257f39-210a-4e25-9893-3a2cd241e6f7,75.00
a1eaea28-ee4e-4b6f-bcbd-141317938dde,c0000000-0000-0000-0000-000000000001,a0000000-0000-0000-0000-000000000002,,,,Progress update Balok — 75%,2026-04-15T00:00:00.000Z,2026-06-16T15:23:53.484Z,detail,b09c38e8-391e-40ab-bd0c-78f69445df8a,75.00
7b21fd60-cda6-4792-9c6d-4be5e7a27a3b,c0000000-0000-0000-0000-000000000001,a0000000-0000-0000-0000-000000000002,,,,Progress update Balok — 75%,2026-04-15T00:00:00.000Z,2026-06-16T15:23:53.581Z,detail,c1931bf2-96e0-45d6-88e8-0a793b8c845b,75.00
9ba8ecd8-f0ab-48a2-a7ac-599e01093257,c0000000-0000-0000-0000-000000000001,a0000000-0000-0000-0000-000000000002,,,,Progress update Balok — 75%,2026-04-15T00:00:00.000Z,2026-06-16T15:23:53.672Z,detail,3c80a9da-fe56-4aee-b605-26a4fe57ab16,75.00
69b8c5c5-3a06-4de0-ba1e-c0aad5783993,c0000000-0000-0000-0000-000000000001,a0000000-0000-0000-0000-000000000002,,,,Progress update Balok — 75%,2026-04-15T00:00:00.000Z,2026-06-16T15:23:53.777Z,detail,29070f47-6130-4f7f-a48c-121b6d07c186,75.00
360f95d2-eb2f-4e90-88f1-b023040237cc,c0000000-0000-0000-0000-000000000001,a0000000-0000-0000-0000-000000000002,,,,Progress update Balok — 75%,2026-04-15T00:00:00.000Z,2026-06-16T15:23:53.873Z,detail,eb06d21c-1f88-4980-b943-9fc73f79b404,75.00
77526e5c-d888-4e03-a239-be5567c78d1e,c0000000-0000-0000-0000-000000000001,a0000000-0000-0000-0000-000000000002,,,,Progress update Balok — 75%,2026-04-15T00:00:00.000Z,2026-06-16T15:23:53.964Z,detail,5623c833-dd3f-4352-879b-f71e1851505a,75.00
9f7630e4-27ec-4712-b392-fbf9db1a62f6,c0000000-0000-0000-0000-000000000001,a0000000-0000-0000-0000-000000000002,,,,Progress update Balok — 75%,2026-04-15T00:00:00.000Z,2026-06-16T15:23:54.058Z,detail,81e34a56-4d89-457d-9f4e-7784bd238359,75.00
17f9b304-b022-4df1-b19e-534765ccaa74,c0000000-0000-0000-0000-000000000001,a0000000-0000-0000-0000-000000000002,,,,Progress update Balok — 75%,2026-04-15T00:00:00.000Z,2026-06-16T15:23:54.146Z,detail,8ad5d1d8-0a77-4787-97c5-37a4219615d7,75.00
876b093d-def5-4887-86f6-0cf716e62424,c0000000-0000-0000-0000-000000000001,a0000000-0000-0000-0000-000000000002,,,,Progress update Balok — 75%,2026-04-15T00:00:00.000Z,2026-06-16T15:23:54.247Z,detail,b35f773e-d007-4d4e-b9df-5cad8ec7dba9,75.00
13726098-07a3-4d6f-b9f2-da2bbbcffb60,c0000000-0000-0000-0000-000000000001,a0000000-0000-0000-0000-000000000002,,,,Progress update Plat Lantai Beton tebal 7cm Lt Dasar ( tanpa tulangan) — 80%,2026-04-20T00:00:00.000Z,2026-06-16T15:23:54.343Z,detail,85bfc93f-4c46-402e-9d5b-c4e4da591f3e,80.00
dab76ba8-6b2e-47fd-a479-93b82684a940,c0000000-0000-0000-0000-000000000001,a0000000-0000-0000-0000-000000000002,,,,Progress update Plat Lantai Beton tebal 12 cm Lt.1 (tulangan double) — 80%,2026-04-20T00:00:00.000Z,2026-06-16T15:23:54.430Z,detail,79ffb05c-3cfc-4a27-9b3c-fc175e8e5be2,80.00
b69b6391-a347-4dd7-b440-bf2689682083,c0000000-0000-0000-0000-000000000001,a0000000-0000-0000-0000-000000000002,,,,Progress update Plat Lantai Beton tebal 12 cm Lt.2 (tulangan double) — 80%,2026-04-20T00:00:00.000Z,2026-06-16T15:23:54.523Z,detail,995cd83e-8d71-4030-9d26-c97da463d86c,80.00
bba44eff-ff63-4dd4-88b7-f94f8ce98b3d,c0000000-0000-0000-0000-000000000001,a0000000-0000-0000-0000-000000000002,,,,Progress update Plat Lantai Beton tebal 12 cm Lt.3 (tulangan double) — 80%,2026-04-20T00:00:00.000Z,2026-06-16T15:23:54.608Z,detail,d22c2433-11bc-491d-8f46-4fc440761668,80.00
245e4f1b-3ada-4fe2-bde9-7f8c26c5b7a6,c0000000-0000-0000-0000-000000000001,a0000000-0000-0000-0000-000000000002,,,,Progress update Plat Beton Carpot tebal 10 cm (tanpa tulangan ) — 80%,2026-04-20T00:00:00.000Z,2026-06-16T15:23:54.708Z,detail,6ff4b127-7370-4678-b98f-a9bfbd7d86d7,80.00
0bf25fc5-d8c9-40f9-b1da-a3e8a6bdad97,c0000000-0000-0000-0000-000000000001,a0000000-0000-0000-0000-000000000002,,,,Progress update Plat Beton Dak Lt.3 tebal 10 cm (tulangan double ) — 80%,2026-04-20T00:00:00.000Z,2026-06-16T15:23:54.794Z,detail,e8622eca-4f9b-4039-b854-b238f9899f81,80.00
8ff59ffe-bdab-4f91-9b43-cc89f221a23d,c0000000-0000-0000-0000-000000000001,a0000000-0000-0000-0000-000000000002,,,,Progress update Plat Canopy tebal 10cm (tulangan double) — 80%,2026-04-20T00:00:00.000Z,2026-06-16T15:23:54.882Z,detail,d95fb599-66d2-49a4-ae32-509570f8ae07,80.00
f50eb381-7385-4cf9-a601-08f32232e36a,c0000000-0000-0000-0000-000000000001,a0000000-0000-0000-0000-000000000002,,,,Progress update Pasangan Batu Kali — 100%,2026-04-28T00:00:00.000Z,2026-06-16T15:23:54.998Z,detail,97f63a20-012a-4176-936f-b36a2b2d9018,100.00
7c20e952-2535-4883-9d1f-e7b7fcbd91f9,c0000000-0000-0000-0000-000000000001,a0000000-0000-0000-0000-000000000002,,,,Progress update Rolaag Bata — 100%,2026-04-28T00:00:00.000Z,2026-06-16T15:23:55.138Z,detail,eabe2c91-aa85-476e-aa41-6aa53c082525,100.00
fd877157-3f1e-4751-a19c-dce7359ca23e,c0000000-0000-0000-0000-000000000001,a0000000-0000-0000-0000-000000000002,,,,Progress update Pasangan Dinding 1/2 Bata Transram 1pc : 3ps — 100%,2026-04-28T00:00:00.000Z,2026-06-16T15:23:55.240Z,detail,f9b16571-f3cd-4230-90d9-9d64f7d6ea3b,100.00
91a8b812-3ae2-4478-8843-8a77547e7c85,c0000000-0000-0000-0000-000000000001,a0000000-0000-0000-0000-000000000002,,,,Progress update Pasangan Dinding 1/2 Bata 1pc : 5ps — 100%,2026-04-28T00:00:00.000Z,2026-06-16T15:23:55.339Z,detail,7c481ff3-4ba8-445c-8a46-4553370428af,100.00
07011bff-a1a3-419a-a579-22e425fd048d,c0000000-0000-0000-0000-000000000001,a0000000-0000-0000-0000-000000000002,,,,Progress update Plesteran Dinding Trasram 1pc : 3ps — 100%,2026-04-28T00:00:00.000Z,2026-06-16T15:23:55.455Z,detail,d8c06984-f3bd-46bc-a61e-1abac9cd6bd0,100.00
31e16d07-32a1-4cbc-8277-41d50504416d,c0000000-0000-0000-0000-000000000001,a0000000-0000-0000-0000-000000000002,,,,Progress update Plesteran Dinding 1pc : 5ps — 100%,2026-04-28T00:00:00.000Z,2026-06-16T15:23:55.559Z,detail,80dd8111-8a52-4a57-b167-98e5ffa62cea,100.00
deed7642-efae-4425-b028-b1999102e13f,c0000000-0000-0000-0000-000000000001,a0000000-0000-0000-0000-000000000002,,,,Progress update Acian — 70%,2026-04-28T00:00:00.000Z,2026-06-16T15:23:55.675Z,detail,5bc65806-e59e-4b4d-a370-8161a7b70129,70.00
a5e19ada-02db-4098-824e-baec236be48b,c0000000-0000-0000-0000-000000000001,a0000000-0000-0000-0000-000000000002,,,,Progress update Finishing lubang kusen Allumunium — 70%,2026-04-28T00:00:00.000Z,2026-06-16T15:23:55.787Z,detail,45732f5c-37d2-4102-8c21-f3174e793149,70.00
578beeb4-8d3d-4ee5-9c0c-6ed12f1e0cbb,c0000000-0000-0000-0000-000000000001,a0000000-0000-0000-0000-000000000002,,,,Progress update Pasangan Dinding 1/2 Bata Transram 1pc : 3ps — 70%,2026-04-28T00:00:00.000Z,2026-06-16T15:23:55.892Z,detail,40bf0d09-605f-4322-b11b-143fd62e6c40,70.00
faddfda4-0e97-451b-82bf-beda88e4e61d,c0000000-0000-0000-0000-000000000001,a0000000-0000-0000-0000-000000000002,,,,Progress update Pasangan Dinding 1/2 Bata 1pc : 5ps — 70%,2026-04-28T00:00:00.000Z,2026-06-16T15:23:56.004Z,detail,647e6c48-202e-43cc-a5dd-85ff1102aef0,70.00
afc6b47c-c18f-40b3-a4dc-cb7931c0246a,c0000000-0000-0000-0000-000000000001,a0000000-0000-0000-0000-000000000002,,,,Progress update Plesteran Dinding Trasram 1pc : 3ps — 70%,2026-04-28T00:00:00.000Z,2026-06-16T15:23:56.109Z,detail,09f941ac-f8f3-4dc3-b716-eba7bcd5aa05,70.00
48660e7a-36c2-4411-bd16-bef915a60da6,c0000000-0000-0000-0000-000000000001,a0000000-0000-0000-0000-000000000002,,,,Progress update Plesteran Dinding 1pc : 5ps — 70%,2026-04-28T00:00:00.000Z,2026-06-16T15:23:56.232Z,detail,d1c7be83-a58e-4336-9857-9bc3c40f988c,70.00
d9d273c9-4137-4b3a-8caf-6be49dece776,c0000000-0000-0000-0000-000000000001,a0000000-0000-0000-0000-000000000002,,,,Progress update Acian — 70%,2026-04-28T00:00:00.000Z,2026-06-16T15:23:56.336Z,detail,f8ef319e-c6d0-407b-933a-651f3d94794d,70.00
0ea2e11b-f005-4e55-9c20-dc4462cc35c1,c0000000-0000-0000-0000-000000000001,a0000000-0000-0000-0000-000000000002,,,,Progress update Finishing lubang kusen Allumunium — 70%,2026-04-28T00:00:00.000Z,2026-06-16T15:23:56.454Z,detail,0f62a8a1-0bd8-4374-abaf-27b6f7ec3816,70.00
0c98c0aa-90ea-46e0-a759-21ec0c3fb1af,c0000000-0000-0000-0000-000000000001,a0000000-0000-0000-0000-000000000002,,,,Progress update Pasangan Dinding 1/2 Bata Transram 1pc : 3ps — 50%,2026-05-12T00:00:00.000Z,2026-06-16T15:23:56.562Z,detail,df7c50ca-de4d-4f2f-8ffb-247b992a0097,50.00
36ccb5e3-93ee-454f-a7af-9450413e0e68,c0000000-0000-0000-0000-000000000001,a0000000-0000-0000-0000-000000000002,,,,Progress update Pasangan Dinding 1/2 Bata 1pc : 5ps — 50%,2026-05-12T00:00:00.000Z,2026-06-16T15:23:56.672Z,detail,4a35c239-3f65-4f20-8892-1e3008306c36,50.00
c4714e68-b580-4e13-b1d1-a29aeb78cd36,c0000000-0000-0000-0000-000000000001,a0000000-0000-0000-0000-000000000002,,,,Progress update Plesteran Dinding Trasram 1pc : 3ps — 50%,2026-05-12T00:00:00.000Z,2026-06-16T15:23:56.769Z,detail,7aa93f68-ad14-46ae-a1d8-e6d7b909a3ce,50.00
10bfb894-93d4-443a-806f-a7315f7da383,c0000000-0000-0000-0000-000000000001,a0000000-0000-0000-0000-000000000002,,,,Progress update Plesteran Dinding 1pc : 5ps — 50%,2026-05-12T00:00:00.000Z,2026-06-16T15:23:56.862Z,detail,5817abd8-db2a-4cc6-83a9-7b1138bf7f93,50.00
651bcdab-09a7-4a45-8af4-42963056f9f0,c0000000-0000-0000-0000-000000000001,a0000000-0000-0000-0000-000000000002,,,,Progress update Acian — 50%,2026-05-12T00:00:00.000Z,2026-06-16T15:23:56.962Z,detail,8d129aa9-3fc9-4395-9b5e-9090d04b1afd,50.00
e28e7eaa-1f50-4b19-ae74-2323391a3802,c0000000-0000-0000-0000-000000000001,a0000000-0000-0000-0000-000000000002,,,,Progress update Finishing lubang kusen Allumunium — 50%,2026-05-12T00:00:00.000Z,2026-06-16T15:23:57.062Z,detail,b3435d5d-2efa-4e22-b80d-89cd31e1c45c,50.00
e272dcab-578a-43b0-8fce-bc0385e455a9,c0000000-0000-0000-0000-000000000001,a0000000-0000-0000-0000-000000000002,,,,Progress update Pasangan Dinding 1/2 Bata Transram 1pc : 3ps — 50%,2026-05-12T00:00:00.000Z,2026-06-16T15:23:57.169Z,detail,14c7df65-daaa-4f44-ae8b-222e79e1d1c7,50.00
0fbd4da0-9859-4fb6-80c7-1f2f28abc13a,c0000000-0000-0000-0000-000000000001,a0000000-0000-0000-0000-000000000002,,,,Progress update Pasangan Dinding 1/2 Bata 1pc : 5ps — 50%,2026-05-12T00:00:00.000Z,2026-06-16T15:23:57.273Z,detail,a00c68e1-0d21-4bec-955a-9d1c8df991d1,50.00
8a01d666-2764-4bf7-bc4b-9d3308b61fd8,c0000000-0000-0000-0000-000000000001,a0000000-0000-0000-0000-000000000002,,,,Progress update Plesteran Dinding Trasram 1pc : 3ps — 50%,2026-05-12T00:00:00.000Z,2026-06-16T15:23:57.377Z,detail,ec34e58e-4753-4dda-921b-ca264baaf6dc,50.00
ca6e02b0-58bf-4cc9-ab94-f1c29604fd4a,c0000000-0000-0000-0000-000000000001,a0000000-0000-0000-0000-000000000002,,,,Progress update Plesteran Dinding 1pc : 5ps — 50%,2026-05-12T00:00:00.000Z,2026-06-16T15:23:57.472Z,detail,56b849ad-0292-4797-a9f5-9900384a2b0b,50.00
f7dcd101-5b5d-4157-8ccf-b5e55bf8b9ff,c0000000-0000-0000-0000-000000000001,a0000000-0000-0000-0000-000000000002,,,,Progress update Pasangan Dinding Roster Beton — 50%,2026-05-12T00:00:00.000Z,2026-06-16T15:23:57.576Z,detail,8389e6ab-be20-4b41-8be4-07b564271c66,50.00
7782b28c-fa56-4ea7-84be-299ed71eb461,c0000000-0000-0000-0000-000000000001,a0000000-0000-0000-0000-000000000002,,,,Progress update Acian — 50%,2026-05-12T00:00:00.000Z,2026-06-16T15:23:57.667Z,detail,44382265-6e5c-416f-9b4e-da8e536e259d,50.00
bc48ef9b-e56f-4613-82d2-d2df437beecb,c0000000-0000-0000-0000-000000000001,a0000000-0000-0000-0000-000000000002,,,,Progress update Finishing lubang kusen Allumunium — 50%,2026-05-12T00:00:00.000Z,2026-06-16T15:23:57.753Z,detail,0df85c39-4c2d-4195-9081-83448bea1c9f,50.00
f8343f7e-5b9b-4986-af4c-9cc911a741cb,c0000000-0000-0000-0000-000000000001,a0000000-0000-0000-0000-000000000002,,,,Progress update Fin. Dinding Bata Tempel — 40%,2026-05-12T00:00:00.000Z,2026-06-16T15:23:57.839Z,detail,f08a068e-a1f9-4078-a9b7-483dfd8e7c62,40.00
557ba980-ec4e-438f-859a-971e9cf49ed8,c0000000-0000-0000-0000-000000000001,a0000000-0000-0000-0000-000000000002,,,,Progress update Fin. Batu Alam — 40%,2026-05-12T00:00:00.000Z,2026-06-16T15:23:57.946Z,detail,5798d4d8-4d3f-4782-9928-cd12232fb9c1,40.00
d2cff3a1-3d89-4a28-a529-3ec883739f05,c0000000-0000-0000-0000-000000000001,a0000000-0000-0000-0000-000000000002,,,,Progress update Fin. Bantalan (Pinggiran Taman & Void ) — 40%,2026-05-12T00:00:00.000Z,2026-06-16T15:23:58.039Z,detail,16f5e818-60ad-4afc-8e46-bced574e1c06,40.00
574e722d-911f-48c6-a475-6f82e53e96a2,c0000000-0000-0000-0000-000000000001,a0000000-0000-0000-0000-000000000002,,,,Progress update P1 — 40%,2026-05-12T00:00:00.000Z,2026-06-16T15:23:58.134Z,detail,10b68957-370b-474c-bcd4-1a5d0fce4c21,40.00
506d3173-dd94-4b48-b34e-fc926df133aa,c0000000-0000-0000-0000-000000000001,a0000000-0000-0000-0000-000000000002,,,,Progress update P7 — 35%,2026-05-25T00:00:00.000Z,2026-06-16T15:23:58.224Z,detail,088bdf6a-5305-4b91-9201-ac713daae04a,35.00
19899e94-a7b0-46aa-9cb9-e7dd1fdd154e,c0000000-0000-0000-0000-000000000001,a0000000-0000-0000-0000-000000000002,,,,Progress update P2 — 35%,2026-05-25T00:00:00.000Z,2026-06-16T15:23:58.309Z,detail,0f2857be-afce-4f3d-8ba7-e2fc9d488ed7,35.00
e835acc6-0479-4df0-b400-b5a51c3ae476,c0000000-0000-0000-0000-000000000001,a0000000-0000-0000-0000-000000000002,,,,Progress update P3 — 35%,2026-05-25T00:00:00.000Z,2026-06-16T15:23:58.413Z,detail,831d5c3e-19a5-45db-b667-e4e75807199a,35.00
def5a349-2bfe-43b2-87c6-c1d4a922daf4,c0000000-0000-0000-0000-000000000001,a0000000-0000-0000-0000-000000000002,,,,Progress update P4 — 35%,2026-05-25T00:00:00.000Z,2026-06-16T15:23:58.512Z,detail,47e8ef82-caf2-4fc5-9baf-9197c1435b27,35.00
6167f5c1-a8e8-4b51-91a9-166494a5ced2,c0000000-0000-0000-0000-000000000001,a0000000-0000-0000-0000-000000000002,,,,Progress update P5 — 35%,2026-05-25T00:00:00.000Z,2026-06-16T15:23:58.600Z,detail,dfca38fc-8a6c-43f4-b15b-83865fe21974,35.00
7fff11ef-55a6-4ca7-8c9d-0f2621efc18a,c0000000-0000-0000-0000-000000000001,a0000000-0000-0000-0000-000000000002,,,,Progress update P6 — 35%,2026-05-25T00:00:00.000Z,2026-06-16T15:23:58.710Z,detail,b95ea815-e70a-464e-9b89-fdbb6b0414a2,35.00
92e179db-a943-4a16-a994-b713226e62ea,c0000000-0000-0000-0000-000000000001,a0000000-0000-0000-0000-000000000002,,,,Progress update P8 — 35%,2026-05-25T00:00:00.000Z,2026-06-16T15:23:58.807Z,detail,1caf69ed-719f-4fd9-8fe0-a4a6d17e6106,35.00
e7a6172e-c3da-4106-ae6a-7991ff7d4381,c0000000-0000-0000-0000-000000000001,a0000000-0000-0000-0000-000000000002,,,,Progress update J2A — 35%,2026-05-25T00:00:00.000Z,2026-06-16T15:23:58.895Z,detail,56cfa2eb-522f-458b-b744-831ad63d8fd7,35.00
68f01301-1f8a-4418-bc67-45ba4c923c07,c0000000-0000-0000-0000-000000000001,a0000000-0000-0000-0000-000000000002,,,,Progress update J3 — 35%,2026-05-25T00:00:00.000Z,2026-06-16T15:23:58.984Z,detail,152252bb-25be-4b54-a5e0-65b830a4382a,35.00
449191fc-cb95-4391-85d8-6ee122732b9d,c0000000-0000-0000-0000-000000000001,a0000000-0000-0000-0000-000000000002,,,,Progress update J3A — 35%,2026-05-25T00:00:00.000Z,2026-06-16T15:23:59.072Z,detail,4b640de5-87a1-4aee-8f5d-df74bb37a2cc,35.00
96e0977a-16b1-420a-8794-2ba3992dfb29,c0000000-0000-0000-0000-000000000001,a0000000-0000-0000-0000-000000000002,,,,Progress update BV1 — 35%,2026-05-25T00:00:00.000Z,2026-06-16T15:23:59.167Z,detail,add23d4d-7a35-4be8-a989-f1b333c521be,35.00
93579736-d75a-403e-88e2-29d86022837b,c0000000-0000-0000-0000-000000000001,a0000000-0000-0000-0000-000000000002,,,,Progress update Plafond Utama + Rangka — 35%,2026-05-25T00:00:00.000Z,2026-06-16T15:23:59.274Z,detail,ddb2d94a-9269-435a-bbd5-2352c8a4d73e,35.00
41492382-5bfa-4e86-b5a4-a2708d014c39,c0000000-0000-0000-0000-000000000001,a0000000-0000-0000-0000-000000000002,,,,Progress update Plafond Water Resistant — 35%,2026-05-25T00:00:00.000Z,2026-06-16T15:23:59.369Z,detail,8ba012b3-79a2-437e-ae46-dcd0ede6ca7e,35.00
ef9d646e-6aa5-4b49-a76f-983da14c6a3f,c0000000-0000-0000-0000-000000000001,a0000000-0000-0000-0000-000000000002,,,,Progress update Plafond Teras dan Overstek + Rangka — 25%,2026-06-05T00:00:00.000Z,2026-06-16T15:23:59.460Z,detail,3fe93690-7462-4892-bdcf-8e501942ebcf,25.00
1c62690c-d82d-45cb-9098-a3ccda63f08a,c0000000-0000-0000-0000-000000000001,a0000000-0000-0000-0000-000000000002,,,,Progress update List plafond (Wall Angle) — 25%,2026-06-05T00:00:00.000Z,2026-06-16T15:23:59.573Z,detail,2108c3be-7968-4889-a1f2-13bd2e5151ef,25.00
74f3f996-5687-41e0-81db-b6d9e630f660,c0000000-0000-0000-0000-000000000001,a0000000-0000-0000-0000-000000000002,,,,Progress update Beton Exposed kanopi dan tangga — 25%,2026-06-05T00:00:00.000Z,2026-06-16T15:23:59.680Z,detail,3b3c92b8-013c-41f8-be24-d972a3de0fd2,25.00
382c394f-fe28-4bf9-aec8-7ac084578b0f,c0000000-0000-0000-0000-000000000001,a0000000-0000-0000-0000-000000000002,,,,Progress update Rangka Atap Baja — 25%,2026-06-05T00:00:00.000Z,2026-06-16T15:23:59.780Z,detail,5854a061-817d-4442-a4d4-9d70a9c68893,25.00
fbf2da4f-9470-485d-abd8-a1225604c2aa,c0000000-0000-0000-0000-000000000001,a0000000-0000-0000-0000-000000000002,,,,"Progress update Rangka kanopi hollow 40/80, 40/60, 40/40 — 25%",2026-06-05T00:00:00.000Z,2026-06-16T15:23:59.867Z,detail,84cd0dd3-29e2-4238-851b-63a813a1f1d4,25.00
f59eb029-7bb9-4942-ad40-c164c14b932f,c0000000-0000-0000-0000-000000000001,a0000000-0000-0000-0000-000000000002,,,,Progress update Atap UPVC Gelombang — 25%,2026-06-05T00:00:00.000Z,2026-06-16T15:23:59.951Z,detail,8cbbc7a3-06ac-4c18-b411-1afb99becc35,25.00
261e9ae8-4aab-4dbb-bda9-d36d08e23058,c0000000-0000-0000-0000-000000000001,a0000000-0000-0000-0000-000000000002,,,,Progress update Atap UPVC Flat Transparant — 25%,2026-06-05T00:00:00.000Z,2026-06-16T15:24:00.056Z,detail,91ab8169-904d-4295-82ff-2b5a56933794,25.00
737185e8-be79-490d-a630-c3aeecfa38fc,c0000000-0000-0000-0000-000000000001,a0000000-0000-0000-0000-000000000002,,,,Progress update Talang Air UPVC — 90%,2026-04-30T00:00:00.000Z,2026-06-16T15:24:00.144Z,detail,a75078d8-0d09-47a9-a3e6-15125af31e65,90.00
227b2536-c6b0-4f6e-82f8-abcc37c16400,c0000000-0000-0000-0000-000000000001,a0000000-0000-0000-0000-000000000002,,,,"Progress update Pekerjaan Lantai Ruang Utama (R. Tamu, R. Keluarga, R. Tidur — 90%",2026-04-30T00:00:00.000Z,2026-06-16T15:24:00.245Z,detail,5025d1e6-f34b-4cdc-8026-c27e505222e7,90.00
619f06c7-e2d8-4c3e-a004-f993baf7a411,c0000000-0000-0000-0000-000000000001,a0000000-0000-0000-0000-000000000002,,,,Progress update Pekerjaan Lantai Teras Lt. Bawah — 90%,2026-04-30T00:00:00.000Z,2026-06-16T15:24:00.369Z,detail,09fbe8de-e6e2-40cc-9b2f-a18a59c12d3a,90.00
305e6e7b-8a6f-41b8-abd2-6ad234438bed,c0000000-0000-0000-0000-000000000001,a0000000-0000-0000-0000-000000000002,,,,Progress update Pekerjaan Step Tangga Existing (Tangga ke Lt. 2 & Tangga Ke — 90%,2026-04-30T00:00:00.000Z,2026-06-16T15:24:00.480Z,detail,42372403-0c90-4786-a03f-c3c799c8a71c,90.00
22c9cbc1-7f51-4f94-984e-19226334edee,c0000000-0000-0000-0000-000000000001,a0000000-0000-0000-0000-000000000002,,,,Progress update Pekerjaan Step Tangga Carport — 90%,2026-04-30T00:00:00.000Z,2026-06-16T15:24:00.585Z,detail,24443300-9129-4b84-80a7-7469a691b4b2,90.00
c7748bb9-ae90-40b7-8494-cc255345a11c,c0000000-0000-0000-0000-000000000001,a0000000-0000-0000-0000-000000000002,,,,Progress update Pekerjaan Lantai Garasi/Carport — 15%,2026-06-10T00:00:00.000Z,2026-06-16T15:24:00.683Z,detail,c5538efc-7251-41b2-9d23-45ccbbe62e65,15.00
115ca53d-97f0-4548-b26e-ca3082defbaf,c0000000-0000-0000-0000-000000000001,a0000000-0000-0000-0000-000000000002,,,,Progress update Pekerjaan Lantai Teras Taman Belakang — 15%,2026-06-10T00:00:00.000Z,2026-06-16T15:24:00.779Z,detail,4ac94075-7a62-49f2-93eb-a8d24645759e,15.00
cdb2fd9e-ce5b-46a8-9224-3486374f1525,c0000000-0000-0000-0000-000000000001,a0000000-0000-0000-0000-000000000002,,,,Progress update Pekerjaan Lantai Dapur — 15%,2026-06-10T00:00:00.000Z,2026-06-16T15:24:00.878Z,detail,b4e412e5-1354-4f6c-a3c4-9affef222c02,15.00
a87713e9-b4d9-4280-8e9a-635418c58336,c0000000-0000-0000-0000-000000000001,a0000000-0000-0000-0000-000000000002,,,,Progress update Pekerjaan Lantai R. Tidur Utama & R. Tidur Anak — 15%,2026-06-10T00:00:00.000Z,2026-06-16T15:24:00.962Z,detail,be9ec2a1-a746-40c3-b8d3-9faabd0ea93b,15.00
cfd39eb5-57bb-49a5-81dc-c396fafb7ffa,c0000000-0000-0000-0000-000000000001,a0000000-0000-0000-0000-000000000002,,,,Progress update Pekerjaan Lantai Ruang Olahraga — 15%,2026-06-10T00:00:00.000Z,2026-06-16T15:24:01.096Z,detail,ef037280-b695-4ec5-9e7c-39787d970a3d,15.00
e112b0db-7bf5-429c-8a85-3e16d45a2aff,c0000000-0000-0000-0000-000000000001,a0000000-0000-0000-0000-000000000002,,,,Progress update Pekerjaan Lantai Area Jemur (Service Area) — 15%,2026-06-10T00:00:00.000Z,2026-06-16T15:24:01.185Z,detail,d3bd418b-9131-4afa-9954-0177efa9851e,15.00
c4091ec6-5eaa-4b17-b453-b6ff2b9e5bc7,c0000000-0000-0000-0000-000000000001,a0000000-0000-0000-0000-000000000002,,,,Progress update Pekerjaan Lantai R. Tidur Driver & Gudang — 15%,2026-06-10T00:00:00.000Z,2026-06-16T15:24:01.296Z,detail,ddf68436-1d00-4428-b7de-be2e78317516,15.00
7ee8f868-4aec-4d7b-9e97-d0f3a16a689c,c0000000-0000-0000-0000-000000000001,a0000000-0000-0000-0000-000000000002,,,,Progress update Pekerjaan Lantai KM/WC Tamu Lt. Bawah — 15%,2026-06-10T00:00:00.000Z,2026-06-16T15:24:01.394Z,detail,42058070-a2f9-490d-bcc4-75c820056581,15.00
5bef46cd-c0e6-497f-8bcf-386378680177,c0000000-0000-0000-0000-000000000001,a0000000-0000-0000-0000-000000000002,,,,Progress update Pekerjaan Lantai KM/WC R. Tidur Utama — 15%,2026-06-10T00:00:00.000Z,2026-06-16T15:24:01.527Z,detail,9b7e00d5-6591-423c-be49-c938dc9d97a4,15.00
10d50de9-5812-4c93-901d-23c776755573,c0000000-0000-0000-0000-000000000001,a0000000-0000-0000-0000-000000000002,,,,Progress update Pekerjaan Lantai KM/WC R. Tidur Anak — 15%,2026-06-10T00:00:00.000Z,2026-06-16T15:24:01.654Z,detail,c84d1228-17f2-4623-ab00-162d5d869bc4,15.00
811567fd-2025-4db2-bdc7-959191d8f5e9,c0000000-0000-0000-0000-000000000001,a0000000-0000-0000-0000-000000000002,,,,Progress update Pekerjaan Dinding Kamar Mandi Tamu Lt. Bawah — 15%,2026-06-10T00:00:00.000Z,2026-06-16T15:24:01.767Z,detail,e9b5c0ad-4334-4287-a759-9c4024d7e678,15.00
98600a23-b3ed-4ba8-8f5e-2b2987a91c46,c0000000-0000-0000-0000-000000000001,a0000000-0000-0000-0000-000000000002,,,,Progress update Pekerjaan Dinding Kamar Mandi Utama Lt. Atas — 15%,2026-06-10T00:00:00.000Z,2026-06-16T15:24:01.855Z,detail,e05c927c-2fad-4266-919e-207cc46d5d66,15.00
7e09644a-4d6b-4ad8-a26c-78810b66032e,c0000000-0000-0000-0000-000000000001,a0000000-0000-0000-0000-000000000002,,,,Progress update Pekerjaan Dinding Kamar Mandi Anak Lt. Atas — 15%,2026-06-10T00:00:00.000Z,2026-06-16T15:24:01.943Z,detail,86649f13-84a0-4cff-b880-a592a1c21987,15.00
a9f1d55b-2ecf-480e-b26c-a17e4a8cc805,c0000000-0000-0000-0000-000000000001,a0000000-0000-0000-0000-000000000002,,,,Progress update Pekerjaan Dinding Dapur/R. Makan — 15%,2026-06-10T00:00:00.000Z,2026-06-16T15:24:02.034Z,detail,5a2901df-56a2-42f2-972d-4bab6d1f7645,15.00
d78ef8d7-8116-464c-a84f-40981cda8fdf,c0000000-0000-0000-0000-000000000001,a0000000-0000-0000-0000-000000000002,,,,Progress update Pasangan Dinding Roster Beton — 15%,2026-06-10T00:00:00.000Z,2026-06-16T15:24:02.125Z,detail,483cc345-3c59-4e2f-9f32-8b67ee505737,15.00
7ef3d105-23fc-4846-94bf-331be123caec,c0000000-0000-0000-0000-000000000001,a0000000-0000-0000-0000-000000000002,,,,Progress update Keramik Lantai uk. 20 x 20 ( KM/WC Service ) — 5%,2026-06-16T00:00:00.000Z,2026-06-16T15:24:02.211Z,detail,cdf29dba-262a-4a7d-95b8-145698cbdb9e,5.00
f1b6ca78-aa0a-4325-bba2-d9b404a0d5b2,c0000000-0000-0000-0000-000000000001,a0000000-0000-0000-0000-000000000002,,,,Progress update Keramik Dinding uk. 20 x 20 ( KM/WC Service ) — 5%,2026-06-16T00:00:00.000Z,2026-06-16T15:24:02.304Z,detail,02851c52-5af0-488a-a702-0b0d2da78e77,5.00
68e7f0ed-28ce-40cb-8ee3-243057537d2d,c0000000-0000-0000-0000-000000000001,a0000000-0000-0000-0000-000000000002,,,,Progress update Plint lantai utama 10 x 60 — 5%,2026-06-16T00:00:00.000Z,2026-06-16T15:24:02.391Z,detail,f87c6572-b1f1-4d7d-bbdc-2bfaa75bd2a0,5.00
89f164ee-4ee8-45d3-b6ee-c674ecbbbfc0,c0000000-0000-0000-0000-000000000001,a0000000-0000-0000-0000-000000000002,,,,Progress update Plint lantai R. Tidur Service & Gudang 10 x 50 — 5%,2026-06-16T00:00:00.000Z,2026-06-16T15:24:02.489Z,detail,f23f7670-0787-4c23-b2a5-42d195cbef96,5.00
7acff140-bcdc-4031-a3f1-58c581f1d4ef,c0000000-0000-0000-0000-000000000001,a0000000-0000-0000-0000-000000000002,,,,Progress update Pengecatan Exterior Tampak Depan — 5%,2026-06-16T00:00:00.000Z,2026-06-16T15:24:02.579Z,detail,9e257b51-08a1-415e-9771-61746f514f1b,5.00
32fc0a0f-3b33-46de-8df1-c68c8aa6653a,c0000000-0000-0000-0000-000000000001,a0000000-0000-0000-0000-000000000002,,,,Progress update Pengecatan Exterior Samping & Belakang — 5%,2026-06-16T00:00:00.000Z,2026-06-16T15:24:02.671Z,detail,3c566d65-bdc8-4b06-bab2-2a4d088f5da5,5.00
c8412185-acfd-4a7b-a42e-b76d5b98f100,c0000000-0000-0000-0000-000000000001,a0000000-0000-0000-0000-000000000002,,,,Progress update Pengecatan Tembok Interior — 5%,2026-06-16T00:00:00.000Z,2026-06-16T15:24:02.768Z,detail,724f4049-d976-4f79-81de-67781df16180,5.00
ab855a88-2630-4f2b-a48d-4fd8d052999e,c0000000-0000-0000-0000-000000000001,a0000000-0000-0000-0000-000000000002,,,,Progress update Pengecatan Plafon — 5%,2026-06-16T00:00:00.000Z,2026-06-16T15:24:02.856Z,detail,7dc5fb84-5c93-4dd1-b996-f5149bfe09ff,5.00
88d35409-5165-416c-9969-137514ac6a4f,c0000000-0000-0000-0000-000000000001,a0000000-0000-0000-0000-000000000002,,,,Progress update Pengecatan Lisplank dan beton expose — 5%,2026-06-16T00:00:00.000Z,2026-06-16T15:24:02.946Z,detail,866f9510-bbdb-4a1a-9444-f164929543b6,5.00
e190a940-608f-4ae9-8e48-9d113f2e7c5c,c0000000-0000-0000-0000-000000000001,a0000000-0000-0000-0000-000000000002,,,,Progress update Closet Duduk — 5%,2026-06-16T00:00:00.000Z,2026-06-16T15:24:03.034Z,detail,fc167206-e59a-46bc-94b8-e875f6d38d97,5.00
f32ee1cc-37df-441c-99d4-1250a046cbde,c0000000-0000-0000-0000-000000000001,a0000000-0000-0000-0000-000000000002,,,,Progress update Jet Washer — 5%,2026-06-16T00:00:00.000Z,2026-06-16T15:24:03.127Z,detail,ed2ba224-142b-49de-9062-2433ec12154a,5.00
3c52de1b-55f1-4694-8fea-ee35d7b0277a,c0000000-0000-0000-0000-000000000001,a0000000-0000-0000-0000-000000000002,,,,Progress update Kran Dinding + Shower — 70%,2026-05-20T00:00:00.000Z,2026-06-16T15:24:03.228Z,detail,47db5897-0402-4252-a77e-a05a8f161766,70.00
dd953c6c-8fd0-476f-a922-7d2b01d635ba,c0000000-0000-0000-0000-000000000001,a0000000-0000-0000-0000-000000000002,,,,Progress update Wastafel — 70%,2026-05-20T00:00:00.000Z,2026-06-16T15:24:03.328Z,detail,9750fcae-c9f4-4507-8449-5655cff63d86,70.00
ef489eca-b5ec-4298-b5bd-53ebbf693a32,c0000000-0000-0000-0000-000000000001,a0000000-0000-0000-0000-000000000002,,,,Progress update Kran Washtafel — 70%,2026-05-20T00:00:00.000Z,2026-06-16T15:24:03.450Z,detail,37f175c0-bab7-424b-992e-cf3f40dc5b5d,70.00
94e144b3-17e4-4bbb-bea9-d17c4e1c7d57,c0000000-0000-0000-0000-000000000001,a0000000-0000-0000-0000-000000000002,,,,Progress update Closet Jongkok — 70%,2026-05-20T00:00:00.000Z,2026-06-16T15:24:03.591Z,detail,41a55d43-f9c2-4ff1-8dd6-94e3e6fa3803,70.00
832148d3-e354-4335-9f51-3fc46e2b6642,c0000000-0000-0000-0000-000000000001,a0000000-0000-0000-0000-000000000002,,,,Progress update Floor drain — 70%,2026-05-20T00:00:00.000Z,2026-06-16T15:24:03.696Z,detail,883d88cc-cd09-48b5-92fd-086efd89be2d,70.00
b5ef5669-fd1d-4569-acf0-cb9eb00084f5,c0000000-0000-0000-0000-000000000001,a0000000-0000-0000-0000-000000000002,,,,Progress update Kran dinding — 70%,2026-05-20T00:00:00.000Z,2026-06-16T15:24:03.804Z,detail,a885e495-4538-4164-bcc4-bdf88fda5ee5,70.00
dc484eb8-b3d2-4e47-b1cf-dc69822fb432,c0000000-0000-0000-0000-000000000001,a0000000-0000-0000-0000-000000000002,,,,Progress update Kran Taman — 70%,2026-05-20T00:00:00.000Z,2026-06-16T15:24:03.910Z,detail,ed49ea90-b296-40aa-81ea-22722074c359,70.00
87f462f3-dae4-481b-8edd-3648a41731f9,c0000000-0000-0000-0000-000000000001,a0000000-0000-0000-0000-000000000002,,,,Progress update Kran Carport — 70%,2026-05-20T00:00:00.000Z,2026-06-16T15:24:04.006Z,detail,95f3f173-5b9e-4f14-87f6-22d27d2be205,70.00
c48044e1-8757-40fd-9dc0-eadc5903b343,c0000000-0000-0000-0000-000000000001,a0000000-0000-0000-0000-000000000002,,,,Progress update Kitchen Zink — 55%,2026-05-20T00:00:00.000Z,2026-06-16T15:24:04.102Z,detail,eca0996e-d966-4f0d-a16b-a19a9842f2e7,55.00
a3611a7a-1396-4ba1-9c7f-5ef51c1f7f4d,c0000000-0000-0000-0000-000000000001,a0000000-0000-0000-0000-000000000002,,,,Progress update Kran Zink + Complete Accessories — 55%,2026-05-20T00:00:00.000Z,2026-06-16T15:24:04.197Z,detail,6a204c2b-7f7d-4cde-a65b-4740704e0f95,55.00
f37ded51-9e5c-49ea-979e-b849988d197b,c0000000-0000-0000-0000-000000000001,a0000000-0000-0000-0000-000000000002,,,,Progress update Instalasi Air Bersih VXS 16 mm — 55%,2026-05-20T00:00:00.000Z,2026-06-16T15:24:04.297Z,detail,bb4d07a6-b8b9-48c5-99b7-5c36eac4d7ab,55.00
5ab5dff0-62db-4601-8d57-f0b1ddf5bab2,c0000000-0000-0000-0000-000000000001,a0000000-0000-0000-0000-000000000002,,,,Progress update Instalasi Air Bersih VXS 20 mm — 55%,2026-05-20T00:00:00.000Z,2026-06-16T15:24:04.386Z,detail,011f9125-7c42-4e19-9634-a0d735e3a174,55.00
e990de12-5c1c-45e8-b79c-02e3dcbc94b8,c0000000-0000-0000-0000-000000000001,a0000000-0000-0000-0000-000000000002,,,,Progress update Instalasi Air Bersih VXS 25 mm — 55%,2026-05-20T00:00:00.000Z,2026-06-16T15:24:04.471Z,detail,a7265bdd-e1ae-4249-aad2-d0c5dbdc4632,55.00
6c1dc1f8-6686-435b-bae5-ae8d517a0172,c0000000-0000-0000-0000-000000000001,a0000000-0000-0000-0000-000000000002,,,,"Progress update Instalasi Pipa Air Kotor type D Ø 4"" — 55%",2026-05-20T00:00:00.000Z,2026-06-16T15:24:04.563Z,detail,c11b17ee-f43b-4458-ab43-03b16997f81b,55.00
ace78926-c61e-4a7a-980d-9728c4298103,c0000000-0000-0000-0000-000000000001,a0000000-0000-0000-0000-000000000002,,,,"Progress update Instalasi Pipa Air Bekas type D Ø 3"" — 55%",2026-05-20T00:00:00.000Z,2026-06-16T15:24:04.646Z,detail,4cf78101-031a-4496-bdc3-28f09be0122c,55.00
ff012128-ce72-42e5-896b-0d9a7611a802,c0000000-0000-0000-0000-000000000001,a0000000-0000-0000-0000-000000000002,,,,"Progress update Instalasi Pipa Air Hujan type D Ø 2,5"" — 10%",2026-06-16T00:00:00.000Z,2026-06-16T15:24:04.770Z,detail,0fc31af9-e79e-45b8-9026-d0b01c0966c8,10.00
59359280-162f-4232-9271-f881d0312070,c0000000-0000-0000-0000-000000000001,a0000000-0000-0000-0000-000000000002,,,,"Progress update Roof Drain metal  D Ø 3"" — 10%",2026-06-16T00:00:00.000Z,2026-06-16T15:24:04.863Z,detail,356b2d0f-5d96-44bb-b371-32158138a99d,10.00
6d7356ea-f650-4bb9-8039-8a448ffd5bda,c0000000-0000-0000-0000-000000000001,a0000000-0000-0000-0000-000000000002,,,,Progress update Bak kontrol tertutup uk. 45 x 45 cm — 10%,2026-06-16T00:00:00.000Z,2026-06-16T15:24:04.954Z,detail,1ce18c36-cbb5-4253-ad41-07dcb39b7306,10.00
584a4404-2f18-4c55-9eea-bff1a909668c,c0000000-0000-0000-0000-000000000001,a0000000-0000-0000-0000-000000000002,,,,Progress update Instalasi titik lampu Downlight + saklar — 10%,2026-06-16T00:00:00.000Z,2026-06-16T15:24:05.059Z,detail,3bcfbcbd-3de4-4113-82e8-647298502daf,10.00
529a53a7-ed9e-4ab8-802c-fc7dfefff7c1,c0000000-0000-0000-0000-000000000001,a0000000-0000-0000-0000-000000000002,,,,Progress update Instalasi titik lampu Outbow  + saklar — 10%,2026-06-16T00:00:00.000Z,2026-06-16T15:24:05.151Z,detail,6000aad2-27cf-48e6-bebb-63f943925a06,10.00
ab396e23-adaa-4d12-b60c-2726faceb9a5,c0000000-0000-0000-0000-000000000001,a0000000-0000-0000-0000-000000000002,,,,Progress update Instalasi titik lampu Dinding + saklar — 10%,2026-06-16T00:00:00.000Z,2026-06-16T15:24:05.240Z,detail,9e31f568-1cda-40de-8bac-b8e50f33e4f7,10.00
e72726f3-f05f-48cb-ace3-8541abb0e632,c0000000-0000-0000-0000-000000000001,a0000000-0000-0000-0000-000000000002,,,,Progress update Instalasi titik lampu spot tangga — 10%,2026-06-16T00:00:00.000Z,2026-06-16T15:24:05.326Z,detail,920c2586-a482-4abe-bd87-31374a59e142,10.00
31d75361-4e33-4968-b32b-c1b3f1a3cf06,c0000000-0000-0000-0000-000000000001,a0000000-0000-0000-0000-000000000002,,,,Progress update Saklar Tunggal — 10%,2026-06-16T00:00:00.000Z,2026-06-16T15:24:05.412Z,detail,6d64ef8d-ea02-4194-afe5-1c12d9ff0871,10.00
b1806e5f-3959-40ed-975d-8b8c9236c19b,c0000000-0000-0000-0000-000000000001,a0000000-0000-0000-0000-000000000002,,,,Progress update Saklar Ganda — 10%,2026-06-16T00:00:00.000Z,2026-06-16T15:24:05.506Z,detail,3a2597a9-b83b-4fd1-acd2-1d0036a92310,10.00
a0f6cdfa-9e23-4469-a066-63a6301f8066,c0000000-0000-0000-0000-000000000001,a0000000-0000-0000-0000-000000000002,,,,Progress update Instalasi stop kontak + stop kontak — 10%,2026-06-16T00:00:00.000Z,2026-06-16T15:24:05.598Z,detail,d3c3848a-4927-4f4c-8efe-e18df86d01e2,10.00
250c4ea6-b504-42df-ba42-7e3ea024ebd2,c0000000-0000-0000-0000-000000000001,a0000000-0000-0000-0000-000000000002,,,,Progress update Instalasi stop kontak AC + stop kontak AC — 10%,2026-06-16T00:00:00.000Z,2026-06-16T15:24:05.684Z,detail,578753b9-e3c5-4969-9f6b-94ace71e5ede,10.00
f77c850a-3f4c-4efa-a1a3-8ba50e63dd27,c0000000-0000-0000-0000-000000000001,a0000000-0000-0000-0000-000000000002,,,,Progress update Instalasi stop kontak WH + stop kontak WH — 10%,2026-06-16T00:00:00.000Z,2026-06-16T15:24:05.781Z,detail,19129835-9566-4703-a9a5-90007368911e,10.00
3f2b3873-971d-49e5-9e61-cfccff8f2f66,c0000000-0000-0000-0000-000000000001,a0000000-0000-0000-0000-000000000002,,,,Progress update Instalasi stop kontak pompa + stop kontak pompa — 10%,2026-06-16T00:00:00.000Z,2026-06-16T15:24:05.874Z,detail,78c961f1-f95a-470a-bf3f-4a1b83ddec87,10.00
e278df6c-64b5-41e8-8f85-3f48d860d89a,c0000000-0000-0000-0000-000000000001,a0000000-0000-0000-0000-000000000002,,,,Progress update Instalasi Lampu Taman (include tiang pipa GIP dia 1¼'') — 10%,2026-06-16T00:00:00.000Z,2026-06-16T15:24:05.957Z,detail,8890c572-6d0e-41f4-94cc-ea325bc8b767,10.00
2ab1ce15-5dfd-4d94-8778-0d7d1b612b21,c0000000-0000-0000-0000-000000000001,a0000000-0000-0000-0000-000000000002,,,,Progress update Box Sekering transparant type VL + MCB — 10%,2026-06-16T00:00:00.000Z,2026-06-16T15:24:06.079Z,detail,f7b2b691-9ccd-40fa-8c52-81479db30f1d,10.00
78e8c0d8-aad0-4e2d-ab5f-239ffb62a474,c0000000-0000-0000-0000-000000000001,a0000000-0000-0000-0000-000000000002,,,,Progress update Instalasi Telepon — 10%,2026-06-16T00:00:00.000Z,2026-06-16T15:24:06.169Z,detail,254a4fd6-f3ef-4678-9ad3-960212dd49c0,10.00
57c09bf1-2908-47e2-9d28-4a6e3867bf23,c0000000-0000-0000-0000-000000000001,a0000000-0000-0000-0000-000000000002,,,,Progress update Instalasi TV — 10%,2026-06-16T00:00:00.000Z,2026-06-16T15:24:06.268Z,detail,aaa3e88a-f294-49d1-99f0-452ab7626850,10.00
e4275983-9ecd-418f-877b-7a2667ba4b2b,c0000000-0000-0000-0000-000000000001,a0000000-0000-0000-0000-000000000002,,,,Progress update Instalasi Kabel Toevoer NYY 4 x 4mm2 — 10%,2026-06-16T00:00:00.000Z,2026-06-16T15:24:06.381Z,detail,3597ebac-d7d0-4852-8c0c-6739599d6c3e,10.00
6d4a430e-d305-4d6f-a36d-0bcbc761df5c,c0000000-0000-0000-0000-000000000001,a0000000-0000-0000-0000-000000000002,,,,Progress update Exhaust Fan — 10%,2026-06-16T00:00:00.000Z,2026-06-16T15:24:06.474Z,detail,4f499251-0820-4a3f-a7b3-7e0405ceed7e,10.00
02029dec-a15f-4549-af8f-3bb2fbd4b6fd,c0000000-0000-0000-0000-000000000001,a0000000-0000-0000-0000-000000000002,,,,"Progress update Waterproofing Dak, (3 lapis) + screed — 10%",2026-06-16T00:00:00.000Z,2026-06-16T15:24:06.569Z,detail,a23aee26-8bd9-41d0-8597-36b6a69dfb13,10.00
49d97f21-80e5-4ab0-9edd-f5702519d3b9,c0000000-0000-0000-0000-000000000001,a0000000-0000-0000-0000-000000000002,,,,Progress update Waterproofing Beton Lantai KM (3 lapis) — 10%,2026-06-16T00:00:00.000Z,2026-06-16T15:24:06.655Z,detail,47e762ae-3289-4b51-818b-dcf7bce0d546,10.00
ad41d2dd-53c9-45ac-b70c-cc13506f112f,c0000000-0000-0000-0000-000000000001,a0000000-0000-0000-0000-000000000002,,,,Progress update Waterproofing Dinding KM (3 lapis) — 10%,2026-06-16T00:00:00.000Z,2026-06-16T15:24:06.746Z,detail,23ccc805-6797-4c31-86ae-1cb9e54e6399,10.00
505b7f53-ad1e-455d-8749-bb4957363780,c0000000-0000-0000-0000-000000000001,a0000000-0000-0000-0000-000000000002,,,,Progress update Septictank ( Biotec  Kap : 2  m³ ) — 10%,2026-06-16T00:00:00.000Z,2026-06-16T15:24:06.838Z,detail,6cdd86ae-1ef8-4e8e-96e2-c1874c596966,10.00
bae122b9-d7ef-400c-940c-a8ac1444a8dc,c0000000-0000-0000-0000-000000000001,a0000000-0000-0000-0000-000000000002,,,,Progress update Finishing Carport + Tali Air — 10%,2026-06-16T00:00:00.000Z,2026-06-16T15:24:06.933Z,detail,72e16cae-d1af-4feb-963e-eefff2ea26ad,10.00
02eb11c0-f958-4834-8790-037d507d12e5,c0000000-0000-0000-0000-000000000001,a0000000-0000-0000-0000-000000000002,,,,Progress update Railing Tangga — 10%,2026-06-16T00:00:00.000Z,2026-06-16T15:24:07.027Z,detail,f077b083-2884-4884-9b36-0b50baddb157,10.00
d296afaa-8372-4894-9045-6c2810cebf85,c0000000-0000-0000-0000-000000000001,a0000000-0000-0000-0000-000000000002,,,,Progress update Railling Balkon — 10%,2026-06-16T00:00:00.000Z,2026-06-16T15:24:07.117Z,detail,8ff37128-5975-46cd-bf87-6fd5175d9dfe,10.00
29d2950c-732c-4629-a8cc-04051cf14d7b,c0000000-0000-0000-0000-000000000001,a0000000-0000-0000-0000-000000000002,,,,Progress update Ground Tank kapasitas 1 m3 — 10%,2026-06-16T00:00:00.000Z,2026-06-16T15:24:07.202Z,detail,d9adf112-e4ab-484b-b6ac-5254d538e8b0,10.00
2eeb34db-a9d3-44d2-82be-94e28c2760e5,c0000000-0000-0000-0000-000000000001,a0000000-0000-0000-0000-000000000002,,,,Progress update Taman belakang — 10%,2026-06-16T00:00:00.000Z,2026-06-16T15:24:07.295Z,detail,4d60f62f-bea1-49cb-bd8f-c9a12057fe15,10.00
e5eb3a61-123a-4561-b1f5-1b52bfdf2f6a,c0000000-0000-0000-0000-000000000001,a0000000-0000-0000-0000-000000000002,,,,Progress update Rumput sintetis — 10%,2026-06-16T00:00:00.000Z,2026-06-16T15:24:07.384Z,detail,9ca4cd33-f2e8-4156-aba1-ada27a8e828b,10.00
2573eade-f823-444f-a251-b7ec23c1d678,c0000000-0000-0000-0000-000000000001,a0000000-0000-0000-0000-000000000002,,,,Progress update Roof Tank ( Kap  : 1 m3 ) — 10%,2026-06-16T00:00:00.000Z,2026-06-16T15:24:07.482Z,detail,40272630-2c91-4e1f-a5be-0c57eb41cadd,10.00
cae9e726-9cf4-4b16-a22c-ec6ee587f5d3,c0000000-0000-0000-0000-000000000001,a0000000-0000-0000-0000-000000000002,,,,Progress update Pompa Air — 10%,2026-06-16T00:00:00.000Z,2026-06-16T15:24:07.573Z,detail,4402fd2e-02ad-4555-bbb6-033a12652014,10.00
1376c0b1-cfd1-4a8d-9182-d3ad77c0519b,c0000000-0000-0000-0000-000000000001,a0000000-0000-0000-0000-000000000002,,,,Progress update Sun Screen Hollow WPC Wood + Rangka hollow besi — 10%,2026-06-16T00:00:00.000Z,2026-06-16T15:24:07.664Z,detail,98f51756-606d-4d12-b492-f5b308ab9223,10.00
28ca9c64-de07-4df4-9efd-c799f35f6886,c0000000-0000-0000-0000-000000000001,a0000000-0000-0000-0000-000000000002,,,,Progress update Sumur Bor — 10%,2026-06-16T00:00:00.000Z,2026-06-16T15:24:07.783Z,detail,86bc4ef1-18f8-44eb-b276-05e2cf0e0314,10.00
d8dc6f8b-820b-46f1-8485-f27e92c87eba,c0000000-0000-0000-0000-000000000001,a0000000-0000-0000-0000-000000000002,,,,Progress update Kisi-kisi Kayu Lantai 3 (Balkon Area Olahraga) — 10%,2026-06-16T00:00:00.000Z,2026-06-16T15:24:07.872Z,detail,11d727e7-ace2-4592-b089-15da90e9a48c,10.00
0371d5e8-be34-4dbc-96f0-cc749c0cbeb2,c0000000-0000-0000-0000-000000000001,a0000000-0000-0000-0000-000000000002,2.00,cerah,8,"Mobilisasi alat dan bahan. Pasang papan bouwplank, pagar proyek.",2026-02-01T00:00:00.000Z,2026-06-16T15:26:48.505Z,daily,,
731c5f17-4ebe-4118-99e3-11cbb5d2daf1,c0000000-0000-0000-0000-000000000001,a0000000-0000-0000-0000-000000000002,4.00,cerah,10,Bongkar dinding bagian depan dan samping. Pasang instalasi listrik kerja.,2026-02-03T00:00:00.000Z,2026-06-16T15:26:48.646Z,daily,,
f1eb217d-4074-4eb0-8694-a8b31a6f3ca8,c0000000-0000-0000-0000-000000000001,a0000000-0000-0000-0000-000000000002,6.00,berawan,12,Bongkar genteng dan rangka atap lama. Bersihkan lokasi.,2026-02-06T00:00:00.000Z,2026-06-16T15:26:48.696Z,daily,,
a2387d35-d937-4db9-8b7a-6dcf1e7c5dc2,c0000000-0000-0000-0000-000000000001,a0000000-0000-0000-0000-000000000002,8.00,cerah,10,Selesai bongkar semua. Lokasi bersih. Milestone: Pekerjaan bongkar selesai.,2026-02-09T00:00:00.000Z,2026-06-16T15:26:48.746Z,daily,,
fa7e620c-1485-48e4-ad94-5a5c87b41385,c0000000-0000-0000-0000-000000000001,a0000000-0000-0000-0000-000000000002,10.00,cerah,15,Mulai galian tanah pondasi batu kali dan foot plat. Alat berat masuk.,2026-02-15T00:00:00.000Z,2026-06-16T15:26:48.790Z,daily,,
b46c2c6f-7eeb-4993-9134-2d7d29672eef,c0000000-0000-0000-0000-000000000001,a0000000-0000-0000-0000-000000000002,13.00,cerah,15,Galian selesai. Mulai pengeboran bored pile Ø 300.,2026-02-20T00:00:00.000Z,2026-06-16T15:26:48.849Z,daily,,
e66b313d-e7d0-4536-b10e-e4346b20675b,c0000000-0000-0000-0000-000000000001,a0000000-0000-0000-0000-000000000002,16.00,berawan,18,Bored pile selesai. Mulai cor pondasi dan sloof.,2026-02-25T00:00:00.000Z,2026-06-16T15:26:48.891Z,daily,,
381882fb-98e4-471c-841b-305a2a4acc1e,c0000000-0000-0000-0000-000000000001,a0000000-0000-0000-0000-000000000002,20.00,cerah,20,Milestone: Struktur pondasi & sloof selesai. Cor retaining wall dimulai.,2026-03-03T00:00:00.000Z,2026-06-16T15:26:48.937Z,daily,,
e2dbad19-270f-400b-8641-2cdec1036408,c0000000-0000-0000-0000-000000000001,a0000000-0000-0000-0000-000000000002,24.00,cerah,22,Erection kolom Lt. Basement selesai. Mulai kolom Lt. 1.,2026-03-10T00:00:00.000Z,2026-06-16T15:26:48.982Z,daily,,
4e1f7a22-f76c-40d1-b588-874d265950d6,c0000000-0000-0000-0000-000000000001,a0000000-0000-0000-0000-000000000002,28.00,hujan ringan,20,Kolom Lt. 1 selesai. Mulai balok Lt. 1 dan plat lantai.,2026-03-18T00:00:00.000Z,2026-06-16T15:26:49.024Z,daily,,
c4a9409e-410f-4adf-a395-fb17cb1882be,c0000000-0000-0000-0000-000000000001,a0000000-0000-0000-0000-000000000002,32.00,cerah,22,Plat lantai Lt. 1 dicor. Kolom Lt. 2 dimulai.,2026-03-25T00:00:00.000Z,2026-06-16T15:26:49.067Z,daily,,
1c383a36-af71-41a0-a39f-8e12f4b70cab,c0000000-0000-0000-0000-000000000001,a0000000-0000-0000-0000-000000000002,36.00,cerah,20,Kolom Lt. 2 selesai. Balok dan plat Lt. 2 dalam pengerjaan.,2026-04-03T00:00:00.000Z,2026-06-16T15:26:49.123Z,daily,,
497f5d4f-fd17-455d-a8ca-49713db670ef,c0000000-0000-0000-0000-000000000001,a0000000-0000-0000-0000-000000000002,40.00,berawan,18,Plat Lt. 2 dicor. Kolom dan balok Lt. 3 dimulai.,2026-04-10T00:00:00.000Z,2026-06-16T15:26:49.173Z,daily,,
f00bda39-394a-4a25-bfee-804796cff329,c0000000-0000-0000-0000-000000000001,a0000000-0000-0000-0000-000000000002,43.00,cerah,22,Milestone: Dinding bata & plester selesai (80%). Struktur Lt. 3 90%.,2026-04-18T00:00:00.000Z,2026-06-16T15:26:49.214Z,daily,,
6c0768ce-fc7b-4e84-8de0-e2270621771d,c0000000-0000-0000-0000-000000000001,a0000000-0000-0000-0000-000000000002,45.00,cerah,25,Rangka atap baja terpasang. Pasangan dinding Lt. 1 selesai.,2026-04-25T00:00:00.000Z,2026-06-16T15:26:49.256Z,daily,,
773a31e3-7c1b-4afd-adab-338ba924e622,c0000000-0000-0000-0000-000000000001,a0000000-0000-0000-0000-000000000002,46.00,cerah,20,Atap UPVC terpasang. Mulai pasangan dinding Lt. 2.,2026-04-30T00:00:00.000Z,2026-06-16T15:26:49.297Z,daily,,
e3a4b28c-0f9e-451c-9269-c5923d9959b6,c0000000-0000-0000-0000-000000000001,a0000000-0000-0000-0000-000000000002,48.00,berawan,22,Pasangan dinding Lt. 2 progress 80%. Plumbing instalasi air bersih Lt. 1 selesai.,2026-05-08T00:00:00.000Z,2026-06-16T15:26:49.357Z,daily,,
fe5f74df-1f4e-4c2e-9600-a3ee441d4a46,c0000000-0000-0000-0000-000000000001,a0000000-0000-0000-0000-000000000002,50.00,cerah,24,Plesteran dinding Lt. 1 selesai. MEP instalasi titik lampu 60% selesai.,2026-05-15T00:00:00.000Z,2026-06-16T15:26:49.400Z,daily,,
bb5e4e4d-2831-4e30-86b3-b68858a131c7,c0000000-0000-0000-0000-000000000001,a0000000-0000-0000-0000-000000000002,51.00,cerah,20,Acian dinding Lt. 1 mulai. Pintu dan jendela aluminium mulai fabrikasi.,2026-05-22T00:00:00.000Z,2026-06-16T15:26:49.455Z,daily,,
6c3e608d-6fec-4d94-9334-24187bb01a31,c0000000-0000-0000-0000-000000000001,a0000000-0000-0000-0000-000000000002,52.00,cerah,22,Keramik lantai utama mulai dipasang. Plafond Lt. 1 mulai.,2026-06-01T00:00:00.000Z,2026-06-16T15:26:49.499Z,daily,,
78b216ac-9b08-4206-91b8-ff4488413660,c0000000-0000-0000-0000-000000000001,a0000000-0000-0000-0000-000000000002,53.00,berawan,20,Pemasangan kusen pintu dan jendela. Instalasi plumbing air kotor selesai.,2026-06-08T00:00:00.000Z,2026-06-16T15:26:49.541Z,daily,,
05d0b32e-fc73-43a7-8339-7e56f6aed70d,c0000000-0000-0000-0000-000000000001,a0000000-0000-0000-0000-000000000002,50.62,cerah,18,"Progress terkini: finishing 50%. Keramik 15%, cat belum dimulai, sanitary belum dipasang.",2026-06-16T00:00:00.000Z,2026-06-16T15:26:49.582Z,daily,,
e38494f9-fde0-44a7-8e9d-5da97f804d97,c0000000-0000-0000-0000-000000000001,a0000000-0000-0000-0000-000000000002,2.00,cerah,8,"Mobilisasi alat dan bahan. Pasang papan bouwplank, pagar proyek.",2026-02-01T00:00:00.000Z,2026-06-16T15:30:09.361Z,daily,,
cfc367fd-0c59-4fd1-a5f8-38e048cd1a6d,c0000000-0000-0000-0000-000000000001,a0000000-0000-0000-0000-000000000002,4.00,cerah,10,Bongkar dinding bagian depan dan samping. Pasang instalasi listrik kerja.,2026-02-03T00:00:00.000Z,2026-06-16T15:30:09.491Z,daily,,
55fe52e8-0f2b-447b-ad73-ef32538187b2,c0000000-0000-0000-0000-000000000001,a0000000-0000-0000-0000-000000000002,6.00,berawan,12,Bongkar genteng dan rangka atap lama. Bersihkan lokasi.,2026-02-06T00:00:00.000Z,2026-06-16T15:30:09.553Z,daily,,
2d4a04cc-513f-498a-9cb6-81dd5498c0eb,c0000000-0000-0000-0000-000000000001,a0000000-0000-0000-0000-000000000002,8.00,cerah,10,Selesai bongkar semua. Lokasi bersih. Milestone: Pekerjaan bongkar selesai.,2026-02-09T00:00:00.000Z,2026-06-16T15:30:09.601Z,daily,,
afd2c683-0931-46cc-863a-d6919c94d24a,c0000000-0000-0000-0000-000000000001,a0000000-0000-0000-0000-000000000002,10.00,cerah,15,Mulai galian tanah pondasi batu kali dan foot plat. Alat berat masuk.,2026-02-15T00:00:00.000Z,2026-06-16T15:30:09.643Z,daily,,
67b16bf8-38c5-4484-a0b6-7a8c09fdd43d,c0000000-0000-0000-0000-000000000001,a0000000-0000-0000-0000-000000000002,13.00,cerah,15,Galian selesai. Mulai pengeboran bored pile Ø 300.,2026-02-20T00:00:00.000Z,2026-06-16T15:30:09.687Z,daily,,
22d49bac-90e4-4475-aaf7-da25ec6d5010,c0000000-0000-0000-0000-000000000001,a0000000-0000-0000-0000-000000000002,16.00,berawan,18,Bored pile selesai. Mulai cor pondasi dan sloof.,2026-02-25T00:00:00.000Z,2026-06-16T15:30:09.737Z,daily,,
b4ed4d00-a102-4e7d-9a0d-55886d5fb78c,c0000000-0000-0000-0000-000000000001,a0000000-0000-0000-0000-000000000002,20.00,cerah,20,Milestone: Struktur pondasi & sloof selesai. Cor retaining wall dimulai.,2026-03-03T00:00:00.000Z,2026-06-16T15:30:09.791Z,daily,,
6ccb3114-058d-4f8a-9f55-f89017e8098b,c0000000-0000-0000-0000-000000000001,a0000000-0000-0000-0000-000000000002,24.00,cerah,22,Erection kolom Lt. Basement selesai. Mulai kolom Lt. 1.,2026-03-10T00:00:00.000Z,2026-06-16T15:30:09.836Z,daily,,
c29ea8b6-b661-43db-838d-500ef30d3e89,c0000000-0000-0000-0000-000000000001,a0000000-0000-0000-0000-000000000002,28.00,hujan ringan,20,Kolom Lt. 1 selesai. Mulai balok Lt. 1 dan plat lantai.,2026-03-18T00:00:00.000Z,2026-06-16T15:30:09.883Z,daily,,
92b5b4f4-6dad-46f2-a716-3b89323bf101,c0000000-0000-0000-0000-000000000001,a0000000-0000-0000-0000-000000000002,32.00,cerah,22,Plat lantai Lt. 1 dicor. Kolom Lt. 2 dimulai.,2026-03-25T00:00:00.000Z,2026-06-16T15:30:09.931Z,daily,,
13f708e2-259e-41b9-a746-88aef9316186,c0000000-0000-0000-0000-000000000001,a0000000-0000-0000-0000-000000000002,36.00,cerah,20,Kolom Lt. 2 selesai. Balok dan plat Lt. 2 dalam pengerjaan.,2026-04-03T00:00:00.000Z,2026-06-16T15:30:09.984Z,daily,,
92145e64-08c9-4983-94cc-ddeafdac215f,c0000000-0000-0000-0000-000000000001,a0000000-0000-0000-0000-000000000002,40.00,berawan,18,Plat Lt. 2 dicor. Kolom dan balok Lt. 3 dimulai.,2026-04-10T00:00:00.000Z,2026-06-16T15:30:10.033Z,daily,,
ef5bd752-3e44-49d3-869a-b98a78bb2a7b,c0000000-0000-0000-0000-000000000001,a0000000-0000-0000-0000-000000000002,43.00,cerah,22,Milestone: Dinding bata & plester selesai (80%). Struktur Lt. 3 90%.,2026-04-18T00:00:00.000Z,2026-06-16T15:30:10.091Z,daily,,
05feadec-2d73-4d54-81b5-ed971f53b14e,c0000000-0000-0000-0000-000000000001,a0000000-0000-0000-0000-000000000002,45.00,cerah,25,Rangka atap baja terpasang. Pasangan dinding Lt. 1 selesai.,2026-04-25T00:00:00.000Z,2026-06-16T15:30:10.137Z,daily,,
ca805139-50b2-4742-a7e1-a096bc905eae,c0000000-0000-0000-0000-000000000001,a0000000-0000-0000-0000-000000000002,46.00,cerah,20,Atap UPVC terpasang. Mulai pasangan dinding Lt. 2.,2026-04-30T00:00:00.000Z,2026-06-16T15:30:10.197Z,daily,,
98acfdef-6002-4698-b251-c341895e89f9,c0000000-0000-0000-0000-000000000001,a0000000-0000-0000-0000-000000000002,48.00,berawan,22,Pasangan dinding Lt. 2 progress 80%. Plumbing instalasi air bersih Lt. 1 selesai.,2026-05-08T00:00:00.000Z,2026-06-16T15:30:10.245Z,daily,,
fd50e776-e6a7-4de8-bbd2-8885b667cde5,c0000000-0000-0000-0000-000000000001,a0000000-0000-0000-0000-000000000002,50.00,cerah,24,Plesteran dinding Lt. 1 selesai. MEP instalasi titik lampu 60% selesai.,2026-05-15T00:00:00.000Z,2026-06-16T15:30:10.294Z,daily,,
620099e1-97de-46a1-aca4-d78ba4eea108,c0000000-0000-0000-0000-000000000001,a0000000-0000-0000-0000-000000000002,51.00,cerah,20,Acian dinding Lt. 1 mulai. Pintu dan jendela aluminium mulai fabrikasi.,2026-05-22T00:00:00.000Z,2026-06-16T15:30:10.355Z,daily,,
f447eba3-298c-4450-a996-654c51048953,c0000000-0000-0000-0000-000000000001,a0000000-0000-0000-0000-000000000002,52.00,cerah,22,Keramik lantai utama mulai dipasang. Plafond Lt. 1 mulai.,2026-06-01T00:00:00.000Z,2026-06-16T15:30:10.401Z,daily,,
2bdeb981-60c3-49e4-bdad-0dda6b8de97a,c0000000-0000-0000-0000-000000000001,a0000000-0000-0000-0000-000000000002,53.00,berawan,20,Pemasangan kusen pintu dan jendela. Instalasi plumbing air kotor selesai.,2026-06-08T00:00:00.000Z,2026-06-16T15:30:10.445Z,daily,,
7bb2a78f-665b-4aaf-80ab-006abe5497ab,c0000000-0000-0000-0000-000000000001,a0000000-0000-0000-0000-000000000002,50.62,cerah,18,"Progress terkini: finishing 50%. Keramik 15%, cat belum dimulai, sanitary belum dipasang.",2026-06-16T00:00:00.000Z,2026-06-16T15:30:10.491Z,daily,,
fbbd404f-1667-4f0e-8064-f299cf1ed1e1,c0000000-0000-0000-0000-000000000001,a0000000-0000-0000-0000-000000000002,2.00,cerah,8,"Mobilisasi alat dan bahan. Pasang papan bouwplank, pagar proyek.",2026-02-01T00:00:00.000Z,2026-06-16T15:31:00.408Z,daily,,
f5949d20-a68f-4e5d-aa15-659f8aaed160,c0000000-0000-0000-0000-000000000001,a0000000-0000-0000-0000-000000000002,4.00,cerah,10,Bongkar dinding bagian depan dan samping. Pasang instalasi listrik kerja.,2026-02-03T00:00:00.000Z,2026-06-16T15:31:00.516Z,daily,,
c49031e8-0eec-4843-a7ac-3fee2fca1401,c0000000-0000-0000-0000-000000000001,a0000000-0000-0000-0000-000000000002,6.00,berawan,12,Bongkar genteng dan rangka atap lama. Bersihkan lokasi.,2026-02-06T00:00:00.000Z,2026-06-16T15:31:00.561Z,daily,,
b6565106-8db2-4847-86ff-f59ba7aec571,c0000000-0000-0000-0000-000000000001,a0000000-0000-0000-0000-000000000002,8.00,cerah,10,Selesai bongkar semua. Lokasi bersih. Milestone: Pekerjaan bongkar selesai.,2026-02-09T00:00:00.000Z,2026-06-16T15:31:00.606Z,daily,,
706dc755-c078-409f-ba75-76fc6d93cd05,c0000000-0000-0000-0000-000000000001,a0000000-0000-0000-0000-000000000002,10.00,cerah,15,Mulai galian tanah pondasi batu kali dan foot plat. Alat berat masuk.,2026-02-15T00:00:00.000Z,2026-06-16T15:31:00.664Z,daily,,
f10adf9c-d5e6-4916-ad3f-cc4c656c5fc3,c0000000-0000-0000-0000-000000000001,a0000000-0000-0000-0000-000000000002,13.00,cerah,15,Galian selesai. Mulai pengeboran bored pile Ø 300.,2026-02-20T00:00:00.000Z,2026-06-16T15:31:00.705Z,daily,,
463dd968-3239-4e31-b780-8d96a7c1463f,c0000000-0000-0000-0000-000000000001,a0000000-0000-0000-0000-000000000002,16.00,berawan,18,Bored pile selesai. Mulai cor pondasi dan sloof.,2026-02-25T00:00:00.000Z,2026-06-16T15:31:00.748Z,daily,,
74b6135e-54c4-48f5-bbdc-28bea28e3135,c0000000-0000-0000-0000-000000000001,a0000000-0000-0000-0000-000000000002,20.00,cerah,20,Milestone: Struktur pondasi & sloof selesai. Cor retaining wall dimulai.,2026-03-03T00:00:00.000Z,2026-06-16T15:31:00.798Z,daily,,
3bcb114c-1c2c-463d-8912-79b2af7ef405,c0000000-0000-0000-0000-000000000001,a0000000-0000-0000-0000-000000000002,24.00,cerah,22,Erection kolom Lt. Basement selesai. Mulai kolom Lt. 1.,2026-03-10T00:00:00.000Z,2026-06-16T15:31:00.844Z,daily,,
c5a78c7a-58c6-4061-a619-7c713784ad39,c0000000-0000-0000-0000-000000000001,a0000000-0000-0000-0000-000000000002,28.00,hujan ringan,20,Kolom Lt. 1 selesai. Mulai balok Lt. 1 dan plat lantai.,2026-03-18T00:00:00.000Z,2026-06-16T15:31:00.894Z,daily,,
5ce7ad43-db18-4549-890a-213e3e1ab229,c0000000-0000-0000-0000-000000000001,a0000000-0000-0000-0000-000000000002,32.00,cerah,22,Plat lantai Lt. 1 dicor. Kolom Lt. 2 dimulai.,2026-03-25T00:00:00.000Z,2026-06-16T15:31:00.939Z,daily,,
45e0ec92-c72d-4d3d-bbf8-49d65c33abed,c0000000-0000-0000-0000-000000000001,a0000000-0000-0000-0000-000000000002,36.00,cerah,20,Kolom Lt. 2 selesai. Balok dan plat Lt. 2 dalam pengerjaan.,2026-04-03T00:00:00.000Z,2026-06-16T15:31:00.983Z,daily,,
64a0f481-9d7c-41ab-a9dd-7a87f39f276b,c0000000-0000-0000-0000-000000000001,a0000000-0000-0000-0000-000000000002,40.00,berawan,18,Plat Lt. 2 dicor. Kolom dan balok Lt. 3 dimulai.,2026-04-10T00:00:00.000Z,2026-06-16T15:31:01.027Z,daily,,
9b9babcd-3bda-4bf7-ad4b-5f082786f087,c0000000-0000-0000-0000-000000000001,a0000000-0000-0000-0000-000000000002,43.00,cerah,22,Milestone: Dinding bata & plester selesai (80%). Struktur Lt. 3 90%.,2026-04-18T00:00:00.000Z,2026-06-16T15:31:01.072Z,daily,,
0140fe3f-61b5-46a2-903a-1e1e20d3c63e,c0000000-0000-0000-0000-000000000001,a0000000-0000-0000-0000-000000000002,45.00,cerah,25,Rangka atap baja terpasang. Pasangan dinding Lt. 1 selesai.,2026-04-25T00:00:00.000Z,2026-06-16T15:31:01.128Z,daily,,
d0ba99f2-f948-4083-a2ce-e22703ca660d,c0000000-0000-0000-0000-000000000001,a0000000-0000-0000-0000-000000000002,46.00,cerah,20,Atap UPVC terpasang. Mulai pasangan dinding Lt. 2.,2026-04-30T00:00:00.000Z,2026-06-16T15:31:01.171Z,daily,,
57e474fd-6b72-4024-b8c7-9b1f32fcc964,c0000000-0000-0000-0000-000000000001,a0000000-0000-0000-0000-000000000002,48.00,berawan,22,Pasangan dinding Lt. 2 progress 80%. Plumbing instalasi air bersih Lt. 1 selesai.,2026-05-08T00:00:00.000Z,2026-06-16T15:31:01.373Z,daily,,
b225cd49-8e3b-4df0-8a17-b3acea175075,c0000000-0000-0000-0000-000000000001,a0000000-0000-0000-0000-000000000002,50.00,cerah,24,Plesteran dinding Lt. 1 selesai. MEP instalasi titik lampu 60% selesai.,2026-05-15T00:00:00.000Z,2026-06-16T15:31:01.421Z,daily,,
72e784e7-b8fa-4dbe-827b-4989273ddb3e,c0000000-0000-0000-0000-000000000001,a0000000-0000-0000-0000-000000000002,51.00,cerah,20,Acian dinding Lt. 1 mulai. Pintu dan jendela aluminium mulai fabrikasi.,2026-05-22T00:00:00.000Z,2026-06-16T15:31:01.476Z,daily,,
aa3d9aaf-831e-4692-8927-a560ed08746f,c0000000-0000-0000-0000-000000000001,a0000000-0000-0000-0000-000000000002,52.00,cerah,22,Keramik lantai utama mulai dipasang. Plafond Lt. 1 mulai.,2026-06-01T00:00:00.000Z,2026-06-16T15:31:01.514Z,daily,,
c7d3e83b-1401-46c1-b6d7-2bf80647faba,c0000000-0000-0000-0000-000000000001,a0000000-0000-0000-0000-000000000002,53.00,berawan,20,Pemasangan kusen pintu dan jendela. Instalasi plumbing air kotor selesai.,2026-06-08T00:00:00.000Z,2026-06-16T15:31:01.575Z,daily,,
ffaa0d1b-80f8-4303-97ec-d9705c24154b,c0000000-0000-0000-0000-000000000001,a0000000-0000-0000-0000-000000000002,50.62,cerah,18,"Progress terkini: finishing 50%. Keramik 15%, cat belum dimulai, sanitary belum dipasang.",2026-06-16T00:00:00.000Z,2026-06-16T15:31:01.616Z,daily,,
9f010000-0000-0000-0000-000000000001,c0000000-0000-0000-0000-000000000001,a0000000-0000-0000-0000-000000000004,10.00,Cerah,8,Pekerjaan bongkar dan persiapan lokasi selesai,2026-02-05T01:00:00.000Z,2026-07-22T21:43:05.463Z,daily,,
