id,project_id,level,category_code,parent_id,name,unit,qty,unit_price,total_price,weight_pct,progress_pct,sort_order,created_at,updated_at,material_pct,upah_pct,alat_pct,other_pct,planned_start,planned_end,gantt_dependencies,gantt_dep_rules
b8c7db12-283a-4dc5-8958-b6329f485e36,c0000000-0000-0000-0000-000000000002,category,I,,PEKERJAAN PERSIAPAN,,,,40879680.00,1.1262,0.00,0,2026-06-15T19:25:18.163Z,2026-06-15T19:25:18.163Z,0.00,0.00,0.00,0.00,,,,"[]"
e28f3ea0-85a6-40eb-9fb3-62c0673e2dc9,c0000000-0000-0000-0000-000000000001,category,IV,,PEKERJAAN PASANGAN,,,,187670497.22,14.4069,0.00,97,2026-06-13T17:41:16.246Z,2026-06-13T17:41:16.246Z,0.00,0.00,0.00,0.00,2026-03-19T17:00:00.000Z,2026-05-09T17:00:00.000Z,"[""19f2238c-7124-4569-975a-da422d641c6e""]","[]"
a7b048bd-e643-4ccd-b438-c86710585d83,c0000000-0000-0000-0000-000000000001,subcategory,,,Membongkar 1 m2 Dinding bata,,,,5202000.00,0.0000,0.00,7,2026-06-13T17:41:16.246Z,2026-06-13T17:41:16.246Z,0.00,0.00,0.00,0.00,,,,"[]"
7d1f94f5-598d-4956-a8a7-fc106d3bf837,c0000000-0000-0000-0000-000000000001,subcategory,,,Membongkar 1 m2 Genteng,,,,900000.00,0.0000,0.00,8,2026-06-13T17:41:16.246Z,2026-06-13T17:41:16.246Z,0.00,0.00,0.00,0.00,,,,"[]"
eb62a4b2-81fa-4eba-ab36-40f40d3d69f5,c0000000-0000-0000-0000-000000000001,subcategory,,,"Membongkar 1 m3 Kuda-kuda, Gording/Balok",,,,768600.00,0.0000,0.00,9,2026-06-13T17:41:16.246Z,2026-06-13T17:41:16.246Z,0.00,0.00,0.00,0.00,,,,"[]"
326bd341-d1c6-4865-9a00-925895c78829,c0000000-0000-0000-0000-000000000001,subcategory,,,Membongkar 1 m2 Rangka Atap/Reng kaso,,,,900000.00,0.0000,0.00,10,2026-06-13T17:41:16.246Z,2026-06-13T17:41:16.246Z,0.00,0.00,0.00,0.00,,,,"[]"
3b2fbb23-fae2-4dfa-8a0b-36ece157d496,c0000000-0000-0000-0000-000000000001,subcategory,,,Membongkar 1 m2 Plafond,,,,1060125.00,0.0000,0.00,11,2026-06-13T17:41:16.246Z,2026-06-13T17:41:16.246Z,0.00,0.00,0.00,0.00,,,,"[]"
b9afc49e-dcad-4463-8cff-578552b2f903,c0000000-0000-0000-0000-000000000001,subcategory,,,Membongkar 1 m3 Beton bertulang,,,,5046000.00,0.0000,0.00,12,2026-06-13T17:41:16.246Z,2026-06-13T17:41:16.246Z,0.00,0.00,0.00,0.00,,,,"[]"
b510c969-09d0-41be-9c7f-f84a7749fecd,c0000000-0000-0000-0000-000000000001,category,VI,,PEKERJAAN PLAFOND,,,,37465328.50,2.8761,35.00,162,2026-06-13T17:41:16.246Z,2026-06-13T17:41:16.246Z,0.00,0.00,0.00,0.00,2026-04-30T17:00:00.000Z,2026-06-14T17:00:00.000Z,"[""e28f3ea0-85a6-40eb-9fb3-62c0673e2dc9""]","[]"
0c74acc2-3e02-4903-8f34-a571a62a2914,c0000000-0000-0000-0000-000000000001,category,VIII,,PEKERJAAN FINISHING KERAMIK,,,,167954912.60,12.8934,90.00,179,2026-06-13T17:41:16.246Z,2026-06-13T17:41:16.246Z,0.00,0.00,0.00,0.00,2026-05-14T17:00:00.000Z,2026-06-30T17:00:00.000Z,"[""e28f3ea0-85a6-40eb-9fb3-62c0673e2dc9""]","[]"
81079870-9995-4494-94ae-12cc83ed0d18,c0000000-0000-0000-0000-000000000001,subcategory,A,,Pondasi,,,,,0.0000,0.00,22,2026-06-13T17:41:16.246Z,2026-06-13T17:41:16.246Z,0.00,0.00,0.00,0.00,,,,"[]"
92885107-6bef-4371-a176-c624eac0d4ef,c0000000-0000-0000-0000-000000000001,subcategory,,,Pondasi F5,,,,,0.0000,0.00,27,2026-06-13T17:41:16.246Z,2026-06-13T17:41:16.246Z,0.00,0.00,0.00,0.00,,,,"[]"
f75e3d2e-cb24-40de-a513-e6ad8136a83b,c0000000-0000-0000-0000-000000000001,subcategory,,,Pondasi F6,,,,,0.0000,0.00,28,2026-06-13T17:41:16.246Z,2026-06-13T17:41:16.246Z,0.00,0.00,0.00,0.00,,,,"[]"
89ca7f62-618b-43b9-8b92-3dc6c1bfa850,c0000000-0000-0000-0000-000000000001,subcategory,B,,Sloof K-225,,,,,0.0000,0.00,29,2026-06-13T17:41:16.246Z,2026-06-13T17:41:16.246Z,0.00,0.00,0.00,0.00,,,,"[]"
0fa44c9f-7802-4fe8-a0b7-24dd4bc327db,c0000000-0000-0000-0000-000000000001,subcategory,C,,Kolom K-225,,,,,0.0000,0.00,41,2026-06-13T17:41:16.246Z,2026-06-13T17:41:16.246Z,0.00,0.00,0.00,0.00,,,,"[]"
f2bbbf1a-6643-4c25-9795-19486f912293,c0000000-0000-0000-0000-000000000001,subcategory,,,- Lantai Basement,,,,,0.0000,0.00,42,2026-06-13T17:41:16.246Z,2026-06-13T17:41:16.246Z,0.00,0.00,0.00,0.00,,,,"[]"
821470b4-25cc-4d63-b3ef-87841ecafb0a,c0000000-0000-0000-0000-000000000001,subcategory,,,- Lantai 1,,,,,0.0000,0.00,54,2026-06-13T17:41:16.246Z,2026-06-13T17:41:16.246Z,0.00,0.00,0.00,0.00,,,,"[]"
c5acea54-f1d8-44c6-b9db-4bf92128716b,c0000000-0000-0000-0000-000000000001,subcategory,,,- Lantai 2,,,,,0.0000,0.00,58,2026-06-13T17:41:16.246Z,2026-06-13T17:41:16.246Z,0.00,0.00,0.00,0.00,,,,"[]"
61b90cc0-a58c-4e12-aa21-9140d62e70b7,c0000000-0000-0000-0000-000000000001,subcategory,,,- Lantai 3,,,,,0.0000,0.00,62,2026-06-13T17:41:16.246Z,2026-06-13T17:41:16.246Z,0.00,0.00,0.00,0.00,,,,"[]"
8d1de5c0-4ae5-4651-9650-17a490f40fca,c0000000-0000-0000-0000-000000000001,subcategory,D,,Balok K-175,,,,,0.0000,0.00,65,2026-06-13T17:41:16.246Z,2026-06-13T17:41:16.246Z,0.00,0.00,0.00,0.00,,,,"[]"
a90eb72f-7873-40f6-8ce3-cb024bf11ab3,c0000000-0000-0000-0000-000000000001,subcategory,,,- Lantai Basement,,,,,0.0000,0.00,66,2026-06-13T17:41:16.246Z,2026-06-13T17:41:16.246Z,0.00,0.00,0.00,0.00,,,,"[]"
50ce176f-1016-45f3-aff3-a97ea53fee1d,c0000000-0000-0000-0000-000000000001,subcategory,,,- Lantai 1,,,,,0.0000,0.00,69,2026-06-13T17:41:16.246Z,2026-06-13T17:41:16.246Z,0.00,0.00,0.00,0.00,,,,"[]"
db08dfd1-3dbf-474b-9cb4-4cd60811cdff,c0000000-0000-0000-0000-000000000001,subcategory,,,- Lantai 2,,,,,0.0000,0.00,74,2026-06-13T17:41:16.246Z,2026-06-13T17:41:16.246Z,0.00,0.00,0.00,0.00,,,,"[]"
93b1c3c8-0b97-4421-b076-5248f0f28bbe,c0000000-0000-0000-0000-000000000001,subcategory,,,- Lantai 3,,,,,0.0000,0.00,79,2026-06-13T17:41:16.246Z,2026-06-13T17:41:16.246Z,0.00,0.00,0.00,0.00,,,,"[]"
83a3399a-a5e1-4ad6-ba4b-8703dac5505e,c0000000-0000-0000-0000-000000000001,category,XII,,PEKERJAAN MEKANIKAL & ELEKTRIKAL,,,,29321655.00,2.2509,10.00,240,2026-06-13T17:41:16.246Z,2026-06-13T17:41:16.246Z,0.00,0.00,0.00,0.00,2026-03-14T17:00:00.000Z,2026-06-19T17:00:00.000Z,"[""19f2238c-7124-4569-975a-da422d641c6e""]","[]"
19d5893f-1b0b-4efa-aace-d7551f75d8eb,c0000000-0000-0000-0000-000000000001,subcategory,F,,Cor Meja Dapur & wastafel,,,,,0.0000,0.00,94,2026-06-13T17:41:16.246Z,2026-06-13T17:41:16.246Z,0.00,0.00,0.00,0.00,,,,"[]"
9c533ffe-90a4-420c-81eb-d49c90c4769b,c0000000-0000-0000-0000-000000000001,subcategory,G,,Beton Tangga (Basement & Lt.3),,,,11867100.00,0.0000,0.00,95,2026-06-13T17:41:16.246Z,2026-06-13T17:41:16.246Z,0.00,0.00,0.00,0.00,,,,"[]"
bcfe5571-bcc7-4822-b2f0-2125d0a7b440,c0000000-0000-0000-0000-000000000001,subcategory,H,,Rabat Beton Taman,,,,609251.90,0.0000,0.00,96,2026-06-13T17:41:16.246Z,2026-06-13T17:41:16.246Z,0.00,0.00,0.00,0.00,,,,"[]"
464d0442-bf50-4f2c-bd51-4168a33df5a8,c0000000-0000-0000-0000-000000000001,category,IX,,PEKERJAAN CAT,,,,47430670.00,3.6411,5.00,207,2026-06-13T17:41:16.246Z,2026-06-13T17:41:16.246Z,0.00,0.00,0.00,0.00,2026-05-31T17:00:00.000Z,2026-07-14T17:00:00.000Z,"[""b510c969-09d0-41be-9c7f-f84a7749fecd"",""0c74acc2-3e02-4903-8f34-a571a62a2914""]","[]"
2edbb947-b377-494e-b1ec-acbc9fdb938a,c0000000-0000-0000-0000-000000000001,subcategory,A,,Pasangan Pondasi,,,,,0.0000,0.00,98,2026-06-13T17:41:16.246Z,2026-06-13T17:41:16.246Z,0.00,0.00,0.00,0.00,,,,"[]"
0ed28289-ad77-422a-8a86-9daf45f1ac4b,c0000000-0000-0000-0000-000000000001,subcategory,,,Lantai Kerja,,,,930892.24,0.0000,0.00,100,2026-06-13T17:41:16.246Z,2026-06-13T17:41:16.246Z,0.00,0.00,0.00,0.00,,,,"[]"
2dd0be40-6212-473a-8f6e-3c784c3dfd74,c0000000-0000-0000-0000-000000000001,subcategory,,,Urugan Pasir Bawah Pondasi Batu Kali,,,,205690.08,0.0000,0.00,101,2026-06-13T17:41:16.246Z,2026-06-13T17:41:16.246Z,0.00,0.00,0.00,0.00,,,,"[]"
4f373001-4ad3-4a41-a617-561e2d84a959,c0000000-0000-0000-0000-000000000001,subcategory,,,Lantai Kerja,,,,80713.20,0.0000,0.00,103,2026-06-13T17:41:16.246Z,2026-06-13T17:41:16.246Z,0.00,0.00,0.00,0.00,,,,"[]"
49a7dd0b-bbcf-4448-b845-88304f8e10db,c0000000-0000-0000-0000-000000000001,subcategory,,,Urugan Pasir Bawah Rolag Bata,,,,17834.40,0.0000,0.00,104,2026-06-13T17:41:16.246Z,2026-06-13T17:41:16.246Z,0.00,0.00,0.00,0.00,,,,"[]"
42913540-085d-47bb-bfca-bbc39a7fb6ee,c0000000-0000-0000-0000-000000000001,subcategory,B,,Pasangan Dinding,,,,,0.0000,0.00,105,2026-06-13T17:41:16.246Z,2026-06-13T17:41:16.246Z,0.00,0.00,0.00,0.00,,,,"[]"
7079a8c6-2ab2-4afd-a191-29422aa9db33,c0000000-0000-0000-0000-000000000001,subcategory,,,- Lantai Basement,,,,,0.0000,0.00,106,2026-06-13T17:41:16.246Z,2026-06-13T17:41:16.246Z,0.00,0.00,0.00,0.00,,,,"[]"
df9cdd6b-a5a7-4097-8e88-e4d7cf546a8f,c0000000-0000-0000-0000-000000000001,subcategory,,,- Lantai 1,,,,,0.0000,0.00,113,2026-06-13T17:41:16.246Z,2026-06-13T17:41:16.246Z,0.00,0.00,0.00,0.00,,,,"[]"
9b7acac1-575a-421b-889d-2ee007c897d8,c0000000-0000-0000-0000-000000000001,subcategory,,,- Lantai 2,,,,,0.0000,0.00,120,2026-06-13T17:41:16.246Z,2026-06-13T17:41:16.246Z,0.00,0.00,0.00,0.00,,,,"[]"
76b1e8bc-1c59-4d4b-9677-b4da21d060a6,c0000000-0000-0000-0000-000000000001,subcategory,,,- Lantai 3,,,,,0.0000,0.00,127,2026-06-13T17:41:16.246Z,2026-06-13T17:41:16.246Z,0.00,0.00,0.00,0.00,,,,"[]"
e1949e15-f733-4af9-9bbe-1a1918c30719,c0000000-0000-0000-0000-000000000001,category,XIII,,PEKERJAAN LAIN - LAIN,,,,126310820.00,9.6965,10.00,261,2026-06-13T17:41:16.246Z,2026-06-13T17:41:16.246Z,0.00,0.00,0.00,0.00,2026-06-19T17:00:00.000Z,2026-07-24T17:00:00.000Z,"[""464d0442-bf50-4f2c-bd51-4168a33df5a8""]","[]"
2f3962de-dbee-4445-a791-f37e2523a364,c0000000-0000-0000-0000-000000000001,subcategory,D,,Pekerjaan Profilan,,,,,0.0000,0.00,140,2026-06-13T17:41:16.246Z,2026-06-13T17:41:16.246Z,0.00,0.00,0.00,0.00,,,,"[]"
0149038b-5913-4f52-b355-71ad21b329ea,c0000000-0000-0000-0000-000000000001,item,3,b6bb3c64-2e9a-43c4-84c7-ed5e6e1e5348,Air Kerja,ls,1.000,800000.00,800000.00,0.0000,100.00,3,2026-06-13T17:41:16.363Z,2026-06-13T17:41:16.363Z,30.00,50.00,15.00,5.00,,,,"[]"
19af9d5a-d6d1-4bc2-83fb-0dd2ce0c6d86,c0000000-0000-0000-0000-000000000001,subcategory,,,Plafond Drof Ceiling,,,,3094823.70,0.0000,0.00,164,2026-06-13T17:41:16.246Z,2026-06-13T17:41:16.246Z,0.00,0.00,0.00,0.00,,,,"[]"
4ca28807-38d1-4412-9ffa-8056970ea2b8,c0000000-0000-0000-0000-000000000001,subcategory,E,,Plat Lantai  K-175 / 225,,,,,0.0000,80.00,86,2026-06-13T17:41:16.246Z,2026-06-13T17:41:16.246Z,0.00,0.00,0.00,0.00,,,,"[]"
a23701d1-2755-4e50-8d5f-f5ceaea355ea,c0000000-0000-0000-0000-000000000001,item,2,b6bb3c64-2e9a-43c4-84c7-ed5e6e1e5348,Pagar Proyek,ls,1.000,1400000.00,1400000.00,0.0000,100.00,2,2026-06-13T17:41:16.363Z,2026-06-13T17:41:16.363Z,30.00,50.00,15.00,5.00,,,,"[]"
894bf3ed-5263-422d-af2b-f2f0aa1cf591,c0000000-0000-0000-0000-000000000001,subcategory,,,"Tamu, R. Duduk, R. Belajar, Balkon RT. Utama, Balkon RT. Anak)",,,,,0.0000,0.00,181,2026-06-13T17:41:16.246Z,2026-06-13T17:41:16.246Z,0.00,0.00,0.00,0.00,,,,"[]"
2b1f771f-c8f7-4651-b3d5-7a3d7b82a4fd,c0000000-0000-0000-0000-000000000001,subcategory,,,"Ruang Service, Steping Lantai 3)",,,,,0.0000,0.00,184,2026-06-13T17:41:16.246Z,2026-06-13T17:41:16.246Z,0.00,0.00,0.00,0.00,,,,"[]"
8b8579ec-19d7-4065-ba50-6141d5eb6095,c0000000-0000-0000-0000-000000000001,subcategory,C,,Finishing Tampak,,,,,0.0000,40.00,135,2026-06-13T17:41:16.246Z,2026-06-13T17:41:16.246Z,0.00,0.00,0.00,0.00,,,,"[]"
0df4a5a3-fc20-4472-9f53-01f6eb89ee62,c0000000-0000-0000-0000-000000000001,subcategory,A,,Air Bersih,,,,,0.0000,88.13,229,2026-06-13T17:41:16.246Z,2026-06-13T17:41:16.246Z,0.00,0.00,0.00,0.00,,,,"[]"
9fe54697-4804-4cf1-9ca8-384f970a0410,c0000000-0000-0000-0000-000000000001,subcategory,B,,"Air Kotor, Bekas & Hujan",,,,,0.0000,68.52,233,2026-06-13T17:41:16.246Z,2026-06-13T17:41:16.246Z,0.00,0.00,0.00,0.00,,,,"[]"
1e975e4c-ddad-4cf6-a229-cf801889f75b,c0000000-0000-0000-0000-000000000001,category,VII,,PEKERJAAN ATAP,,,,145315649.52,11.1554,26.29,170,2026-06-13T17:41:16.246Z,2026-06-13T17:41:16.246Z,0.00,0.00,0.00,0.00,2026-03-31T17:00:00.000Z,2026-04-30T17:00:00.000Z,"[""19f2238c-7124-4569-975a-da422d641c6e""]","[]"
3a380285-9e8a-4496-acbf-50ca988fbb74,c0000000-0000-0000-0000-000000000001,subcategory,,,Note :,,,,,0.0000,0.00,258,2026-06-13T17:41:16.246Z,2026-06-13T17:41:16.246Z,0.00,0.00,0.00,0.00,,,,"[]"
1aa456d3-451f-4451-9e7e-c8c49208a24f,c0000000-0000-0000-0000-000000000001,subcategory,,,All Instalasi menggunakan conduit di klem di atas plafond,,,,,0.0000,0.00,259,2026-06-13T17:41:16.246Z,2026-06-13T17:41:16.246Z,0.00,0.00,0.00,0.00,,,,"[]"
12649cb4-9cac-4b72-a118-9ef5b1ef835d,c0000000-0000-0000-0000-000000000001,subcategory,,,All Kabel menggunakan Kabel Ex. Eterna / setara,,,,,0.0000,0.00,260,2026-06-13T17:41:16.246Z,2026-06-13T17:41:16.246Z,0.00,0.00,0.00,0.00,,,,"[]"
252f31d1-8d53-4103-9b18-07fbb2bd4830,c0000000-0000-0000-0000-000000000001,category,XIV,,PEKERJAAN TAMBAH,,,,,0.0000,0.00,282,2026-06-13T17:41:16.246Z,2026-06-13T17:41:16.246Z,0.00,0.00,0.00,0.00,,,,"[]"
027a4a70-9d90-4762-8a36-99771ef32792,c0000000-0000-0000-0000-000000000001,item,2,19f2238c-7124-4569-975a-da422d641c6e,Galian Tanah Foot Plat,m³,11.136,150000.00,1670400.00,0.0000,100.00,16,2026-06-13T17:41:16.363Z,2026-06-13T17:41:16.363Z,55.00,35.00,5.00,5.00,,,,"[]"
a95906ef-9ba6-4485-983a-088d7bd238f3,c0000000-0000-0000-0000-000000000001,item,3,19f2238c-7124-4569-975a-da422d641c6e,Galian Tanah Area Carport,m³,63.960,122380.00,7827424.80,0.0000,100.00,17,2026-06-13T17:41:16.363Z,2026-06-13T17:41:16.363Z,55.00,35.00,5.00,5.00,,,,"[]"
bdb39317-77de-4527-88e4-2e4dd32d9d54,c0000000-0000-0000-0000-000000000001,item,1,19f2238c-7124-4569-975a-da422d641c6e,Pengeboran Tanah Bored Pile Æ 300,Ttk,6.000,,,0.0000,0.00,14,2026-06-13T17:41:16.363Z,2026-06-13T17:41:16.363Z,0.00,0.00,0.00,0.00,,,,"[]"
125ebe59-3bbd-42a8-bada-87c711b66519,c0000000-0000-0000-0000-000000000001,item,4,19f2238c-7124-4569-975a-da422d641c6e,Galian Retaining Wall,m³,3.420,201130.00,687864.60,0.0000,100.00,18,2026-06-13T17:41:16.363Z,2026-06-13T17:41:16.363Z,55.00,35.00,5.00,5.00,,,,"[]"
d0021af7-ccca-45b6-8323-71213f35c8b6,c0000000-0000-0000-0000-000000000001,item,6,19f2238c-7124-4569-975a-da422d641c6e,Pengeboran Tanah Bored Pile Æ 300,ttk,9.000,900000.00,8100000.00,0.0000,100.00,20,2026-06-13T17:41:16.363Z,2026-06-13T17:41:16.363Z,55.00,35.00,5.00,5.00,,,,"[]"
5fb2c3ad-db81-47c9-a115-d1c50186b40d,c0000000-0000-0000-0000-000000000001,item,2,0df4a5a3-fc20-4472-9f53-01f6eb89ee62,Bored Pile Æ 300,m³,3.815,6495800.00,24782126.58,0.0000,100.00,24,2026-06-13T17:41:16.363Z,2026-06-13T17:41:16.363Z,0.00,0.00,0.00,0.00,,,,"[]"
9889d338-e68a-4513-b9d6-1ba9dc241d91,c0000000-0000-0000-0000-000000000001,item,1,19f2238c-7124-4569-975a-da422d641c6e,Galian Tanah Pondasi Batu Kali,m³,11.072,150000.00,1660800.00,0.0000,100.00,15,2026-06-13T17:41:16.363Z,2026-06-13T17:41:16.363Z,55.00,35.00,5.00,5.00,,,,"[]"
c511e1cf-d887-442f-a92c-52dbd9f955b1,c0000000-0000-0000-0000-000000000001,item,1,9fe54697-4804-4cf1-9ca8-384f970a0410,Sloof TB3,m³,1.395,7055100.00,9841864.50,0.0000,100.00,39,2026-06-13T17:41:16.363Z,2026-06-13T17:41:16.363Z,0.00,0.00,0.00,0.00,,,,"[]"
4666e727-f3d1-4e1b-b7c9-660fff85240f,c0000000-0000-0000-0000-000000000001,item,2,9fe54697-4804-4cf1-9ca8-384f970a0410,Sloof TB5A,m³,2.280,5530600.00,12609768.00,0.0000,100.00,40,2026-06-13T17:41:16.363Z,2026-06-13T17:41:16.363Z,0.00,0.00,0.00,0.00,,,,"[]"
f9844b8b-4ba9-4445-9cae-4f6bb4304f5e,c0000000-0000-0000-0000-000000000001,item,1,0df4a5a3-fc20-4472-9f53-01f6eb89ee62,Retaining Wall,,,,,0.0000,0.00,23,2026-06-13T17:41:16.363Z,2026-06-13T17:41:16.363Z,0.00,0.00,0.00,0.00,,,,"[]"
1d6bdb0e-22d5-4b3a-9f6d-a9c7b0edaf45,c0000000-0000-0000-0000-000000000001,item,1,,Kolom,m³,0.506,7612300.00,3853726.88,0.0000,95.00,43,2026-06-13T17:41:16.363Z,2026-06-13T17:41:16.363Z,0.00,0.00,0.00,0.00,,,,"[]"
782057e9-6dd2-4b58-9ce2-64a81162d9b6,c0000000-0000-0000-0000-000000000001,item,3,0df4a5a3-fc20-4472-9f53-01f6eb89ee62,Foot Plate F1A,,,,,0.0000,0.00,25,2026-06-13T17:41:16.363Z,2026-06-13T17:41:16.363Z,0.00,0.00,0.00,0.00,,,,"[]"
1b63daf9-fa79-4724-929f-b8f13c786544,c0000000-0000-0000-0000-000000000001,item,4,0df4a5a3-fc20-4472-9f53-01f6eb89ee62,Foot Plate F2,,,,,0.0000,0.00,26,2026-06-13T17:41:16.363Z,2026-06-13T17:41:16.363Z,0.00,0.00,0.00,0.00,,,,"[]"
49b02e1f-a6b9-4029-90ac-d78be4a596d4,c0000000-0000-0000-0000-000000000001,item,1,9fe54697-4804-4cf1-9ca8-384f970a0410,Sloof TB1,m³,,,,0.0000,0.00,30,2026-06-13T17:41:16.363Z,2026-06-13T17:41:16.363Z,0.00,0.00,0.00,0.00,,,,"[]"
7ad2a5bc-974f-46a7-8021-89a79ba49c35,c0000000-0000-0000-0000-000000000001,item,2,9fe54697-4804-4cf1-9ca8-384f970a0410,Sloof TB2,m³,0.000,,,0.0000,0.00,31,2026-06-13T17:41:16.363Z,2026-06-13T17:41:16.363Z,0.00,0.00,0.00,0.00,,,,"[]"
d6e7dfc7-17f6-425c-ae68-e8652e246f1f,c0000000-0000-0000-0000-000000000001,item,3,9fe54697-4804-4cf1-9ca8-384f970a0410,Sloof TB2A,m³,,,,0.0000,0.00,32,2026-06-13T17:41:16.363Z,2026-06-13T17:41:16.363Z,0.00,0.00,0.00,0.00,,,,"[]"
560a036f-fc86-4a66-a725-564371fc6842,c0000000-0000-0000-0000-000000000001,item,4,9fe54697-4804-4cf1-9ca8-384f970a0410,Sloof TB3,m³,,,,0.0000,0.00,33,2026-06-13T17:41:16.363Z,2026-06-13T17:41:16.363Z,0.00,0.00,0.00,0.00,,,,"[]"
4e41cdbb-33de-4e7c-8ba7-2764718de080,c0000000-0000-0000-0000-000000000001,item,5,9fe54697-4804-4cf1-9ca8-384f970a0410,Sloof TB4,m³,,,,0.0000,0.00,34,2026-06-13T17:41:16.363Z,2026-06-13T17:41:16.363Z,0.00,0.00,0.00,0.00,,,,"[]"
28604784-07b5-44a7-810f-96cf321815cb,c0000000-0000-0000-0000-000000000001,item,6,9fe54697-4804-4cf1-9ca8-384f970a0410,Sloof TB5,m³,,,,0.0000,0.00,35,2026-06-13T17:41:16.363Z,2026-06-13T17:41:16.363Z,0.00,0.00,0.00,0.00,,,,"[]"
d2f0c3a1-37f9-4233-8fcb-0d97a45a7688,c0000000-0000-0000-0000-000000000001,item,7,9fe54697-4804-4cf1-9ca8-384f970a0410,Sloof TB5A,m³,,,,0.0000,0.00,36,2026-06-13T17:41:16.363Z,2026-06-13T17:41:16.363Z,0.00,0.00,0.00,0.00,,,,"[]"
b31a7352-bd28-42da-9df6-17ff5587f505,c0000000-0000-0000-0000-000000000001,item,8,9fe54697-4804-4cf1-9ca8-384f970a0410,Sloof TB6,m³,,,,0.0000,0.00,37,2026-06-13T17:41:16.363Z,2026-06-13T17:41:16.363Z,0.00,0.00,0.00,0.00,,,,"[]"
c2b9591c-87ca-4f2a-962a-6d4a7c6dc256,c0000000-0000-0000-0000-000000000001,item,9,9fe54697-4804-4cf1-9ca8-384f970a0410,Sloof TB7,m³,0.000,,,0.0000,0.00,38,2026-06-13T17:41:16.363Z,2026-06-13T17:41:16.363Z,0.00,0.00,0.00,0.00,,,,"[]"
6f24960e-9321-4244-8bf6-d06eab537a2a,c0000000-0000-0000-0000-000000000001,item,3,,Kolom,m³,0.450,9040000.00,4068000.00,0.0000,95.00,50,2026-06-13T17:41:16.363Z,2026-06-13T17:41:16.363Z,0.00,0.00,0.00,0.00,,,,"[]"
a3532d51-6194-452c-98a0-200d4ed366ea,c0000000-0000-0000-0000-000000000001,item,1,,Kolom,m³,0.648,8984500.00,5821956.00,0.0000,80.00,56,2026-06-13T17:41:16.363Z,2026-06-13T17:41:16.363Z,0.00,0.00,0.00,0.00,,,,"[]"
05f14f5f-ffc8-40d2-9b7d-fddcc2d10caf,c0000000-0000-0000-0000-000000000001,item,2,,Kolom,m³,1.080,9040000.00,9763200.00,0.0000,80.00,57,2026-06-13T17:41:16.363Z,2026-06-13T17:41:16.363Z,0.00,0.00,0.00,0.00,,,,"[]"
d6a4ad8f-095b-48f4-894b-dab486f0b801,c0000000-0000-0000-0000-000000000001,item,2,,Kolom,m³,,,0.00,0.0000,0.00,44,2026-06-13T17:41:16.363Z,2026-06-13T17:41:16.363Z,0.00,0.00,0.00,0.00,,,,"[]"
235dbb3f-03dc-4db4-a4a4-9e277e4d4e69,c0000000-0000-0000-0000-000000000001,item,3,,Kolom,m³,,,0.00,0.0000,0.00,45,2026-06-13T17:41:16.363Z,2026-06-13T17:41:16.363Z,0.00,0.00,0.00,0.00,,,,"[]"
70d15a6a-56a0-4350-a9b3-6f7b0b385caa,c0000000-0000-0000-0000-000000000001,item,4,,Kolom,m³,,,0.00,0.0000,0.00,46,2026-06-13T17:41:16.363Z,2026-06-13T17:41:16.363Z,0.00,0.00,0.00,0.00,,,,"[]"
c85ae349-b705-4bd7-8b4c-c4ddfa3fcc97,c0000000-0000-0000-0000-000000000001,item,5,,Kolom,m³,,,0.00,0.0000,0.00,47,2026-06-13T17:41:16.363Z,2026-06-13T17:41:16.363Z,0.00,0.00,0.00,0.00,,,,"[]"
a912c4b6-bed7-47a4-aca4-2e9cef69b800,c0000000-0000-0000-0000-000000000001,item,6,,Kolom,m³,,,0.00,0.0000,0.00,48,2026-06-13T17:41:16.363Z,2026-06-13T17:41:16.363Z,0.00,0.00,0.00,0.00,,,,"[]"
3844f47f-61f2-47dd-8fcf-54dc8e468b2e,c0000000-0000-0000-0000-000000000001,item,1,,Kolom,m³,0.614,7612300.00,4675855.28,0.0000,80.00,59,2026-06-13T17:41:16.363Z,2026-06-13T17:41:16.363Z,0.00,0.00,0.00,0.00,,,,"[]"
f60662d3-6add-4835-aca1-8ea1e5b22448,c0000000-0000-0000-0000-000000000001,item,3,,Kolom,m³,1.050,9040000.00,9492000.00,0.0000,80.00,61,2026-06-13T17:41:16.363Z,2026-06-13T17:41:16.363Z,0.00,0.00,0.00,0.00,,,,"[]"
5cb32fcb-85c9-41d7-9929-9938bae6b3d8,c0000000-0000-0000-0000-000000000001,item,4,,Kolom,m³,,,0.00,0.0000,0.00,51,2026-06-13T17:41:16.363Z,2026-06-13T17:41:16.363Z,0.00,0.00,0.00,0.00,,,,"[]"
429a9ce4-91aa-4507-9e4b-83e90f0676cf,c0000000-0000-0000-0000-000000000001,item,5,,Kolom,m³,,,0.00,0.0000,0.00,52,2026-06-13T17:41:16.363Z,2026-06-13T17:41:16.363Z,0.00,0.00,0.00,0.00,,,,"[]"
86dca079-a9a9-46d3-b1ca-6c8a2fd8b516,c0000000-0000-0000-0000-000000000001,item,6,,Kolom,m³,,,0.00,0.0000,0.00,53,2026-06-13T17:41:16.363Z,2026-06-13T17:41:16.363Z,0.00,0.00,0.00,0.00,,,,"[]"
d3d4b43a-2f2f-4624-b2b4-cc3df570382e,c0000000-0000-0000-0000-000000000001,item,1,,Kolom,m³,,,0.00,0.0000,0.00,55,2026-06-13T17:41:16.363Z,2026-06-13T17:41:16.363Z,0.00,0.00,0.00,0.00,,,,"[]"
0ac3524e-7053-48ac-9425-9a61efbb9b70,c0000000-0000-0000-0000-000000000001,item,1,,Kolom,m³,0.607,7612300.00,4624472.25,0.0000,80.00,63,2026-06-13T17:41:16.363Z,2026-06-13T17:41:16.363Z,0.00,0.00,0.00,0.00,,,,"[]"
20364c1c-77dc-4f79-b50a-d09c396d3447,c0000000-0000-0000-0000-000000000001,item,2,,Kolom,m³,1.013,10794500.00,10929431.25,0.0000,80.00,64,2026-06-13T17:41:16.363Z,2026-06-13T17:41:16.363Z,0.00,0.00,0.00,0.00,,,,"[]"
967d2136-9067-4fe4-a313-a89fe4d74f7c,c0000000-0000-0000-0000-000000000001,item,1,,Balok,m³,0.914,7407600.00,6766842.60,0.0000,75.00,67,2026-06-13T17:41:16.363Z,2026-06-13T17:41:16.363Z,0.00,0.00,0.00,0.00,,,,"[]"
b09c38e8-391e-40ab-bd0c-78f69445df8a,c0000000-0000-0000-0000-000000000001,item,1,,Balok,m³,0.834,8793500.00,7337076.56,0.0000,75.00,70,2026-06-13T17:41:16.363Z,2026-06-13T17:41:16.363Z,0.00,0.00,0.00,0.00,,,,"[]"
c1931bf2-96e0-45d6-88e8-0a793b8c845b,c0000000-0000-0000-0000-000000000001,item,2,,Balok,m³,1.620,7407600.00,12000312.00,0.0000,75.00,71,2026-06-13T17:41:16.363Z,2026-06-13T17:41:16.363Z,0.00,0.00,0.00,0.00,,,,"[]"
3c80a9da-fe56-4aee-b605-26a4fe57ab16,c0000000-0000-0000-0000-000000000001,item,3,,Balok,m³,0.900,6624000.00,5961600.00,0.0000,75.00,72,2026-06-13T17:41:16.363Z,2026-06-13T17:41:16.363Z,0.00,0.00,0.00,0.00,,,,"[]"
29070f47-6130-4f7f-a48c-121b6d07c186,c0000000-0000-0000-0000-000000000001,item,4,,Balok,m³,0.176,8524200.00,1495997.10,0.0000,75.00,73,2026-06-13T17:41:16.363Z,2026-06-13T17:41:16.363Z,0.00,0.00,0.00,0.00,,,,"[]"
5623c833-dd3f-4352-879b-f71e1851505a,c0000000-0000-0000-0000-000000000001,item,2,,Balok,m³,0.394,7213900.00,2840473.13,0.0000,75.00,76,2026-06-13T17:41:16.363Z,2026-06-13T17:41:16.363Z,0.00,0.00,0.00,0.00,,,,"[]"
81e34a56-4d89-457d-9f4e-7784bd238359,c0000000-0000-0000-0000-000000000001,item,3,,Balok,m³,1.665,6624000.00,11028960.00,0.0000,75.00,77,2026-06-13T17:41:16.363Z,2026-06-13T17:41:16.363Z,0.00,0.00,0.00,0.00,,,,"[]"
8ad5d1d8-0a77-4787-97c5-37a4219615d7,c0000000-0000-0000-0000-000000000001,item,1,,Balok,m³,0.638,8793500.00,5605856.25,0.0000,75.00,80,2026-06-13T17:41:16.363Z,2026-06-13T17:41:16.363Z,0.00,0.00,0.00,0.00,,,,"[]"
85bfc93f-4c46-402e-9d5b-c4e4da591f3e,c0000000-0000-0000-0000-000000000001,item,1,4ca28807-38d1-4412-9ffa-8056970ea2b8,Plat Lantai Beton tebal 7cm Lt Dasar ( tanpa tulangan),m³,2.401,1517970.00,3644645.97,0.0000,80.00,87,2026-06-13T17:41:16.363Z,2026-06-13T17:41:16.363Z,0.00,0.00,0.00,0.00,,,,"[]"
66101631-2218-493e-9893-eb04fe777116,c0000000-0000-0000-0000-000000000001,item,4,,Balok,m³,0.234,8524200.00,,0.0000,0.00,78,2026-06-13T17:41:16.363Z,2026-06-13T17:41:16.363Z,0.00,0.00,0.00,0.00,,,,"[]"
4ab5aed6-863e-4e05-af70-3be65db9ece1,c0000000-0000-0000-0000-000000000001,item,10,,Balok,m³,,,,0.0000,0.00,82,2026-06-13T17:41:16.363Z,2026-06-13T17:41:16.363Z,0.00,0.00,0.00,0.00,,,,"[]"
67744ced-e054-4f17-b3fa-d9ace55cf78d,c0000000-0000-0000-0000-000000000001,item,11,,Balok,m³,,,,0.0000,0.00,83,2026-06-13T17:41:16.363Z,2026-06-13T17:41:16.363Z,0.00,0.00,0.00,0.00,,,,"[]"
366ce585-f86f-4997-9bfa-e5e3732b16be,c0000000-0000-0000-0000-000000000001,item,12,,Balok,m³,,,,0.0000,0.00,84,2026-06-13T17:41:16.363Z,2026-06-13T17:41:16.363Z,0.00,0.00,0.00,0.00,,,,"[]"
60d65d74-9237-4b78-aaf5-2ee1bb2f2d5f,c0000000-0000-0000-0000-000000000001,item,13,,Balok,m³,,,,0.0000,0.00,85,2026-06-13T17:41:16.363Z,2026-06-13T17:41:16.363Z,0.00,0.00,0.00,0.00,,,,"[]"
831d5c3e-19a5-45db-b667-e4e75807199a,c0000000-0000-0000-0000-000000000001,item,4,ab6ba002-694f-4cf7-9233-9bad87f9892c,P3,unit,3.000,4851400.00,14554200.00,0.0000,35.00,148,2026-06-13T17:41:16.363Z,2026-06-13T17:41:16.363Z,70.00,25.00,0.00,5.00,,,,"[]"
47e8ef82-caf2-4fc5-9baf-9197c1435b27,c0000000-0000-0000-0000-000000000001,item,5,ab6ba002-694f-4cf7-9233-9bad87f9892c,P4,unit,1.000,2595200.00,2595200.00,0.0000,35.00,149,2026-06-13T17:41:16.363Z,2026-06-13T17:41:16.363Z,70.00,25.00,0.00,5.00,,,,"[]"
dfca38fc-8a6c-43f4-b15b-83865fe21974,c0000000-0000-0000-0000-000000000001,item,6,ab6ba002-694f-4cf7-9233-9bad87f9892c,P5,unit,1.000,8868860.00,8868860.00,0.0000,35.00,150,2026-06-13T17:41:16.363Z,2026-06-13T17:41:16.363Z,70.00,25.00,0.00,5.00,,,,"[]"
1caf69ed-719f-4fd9-8fe0-a4a6d17e6106,c0000000-0000-0000-0000-000000000001,item,8,ab6ba002-694f-4cf7-9233-9bad87f9892c,P8,unit,1.000,4023100.00,4023100.00,0.0000,35.00,152,2026-06-13T17:41:16.363Z,2026-06-13T17:41:16.363Z,70.00,25.00,0.00,5.00,,,,"[]"
56cfa2eb-522f-458b-b744-831ad63d8fd7,c0000000-0000-0000-0000-000000000001,item,10,ab6ba002-694f-4cf7-9233-9bad87f9892c,J2A,unit,3.000,2912600.00,8737800.00,0.0000,35.00,154,2026-06-13T17:41:16.363Z,2026-06-13T17:41:16.363Z,70.00,25.00,0.00,5.00,,,,"[]"
152252bb-25be-4b54-a5e0-65b830a4382a,c0000000-0000-0000-0000-000000000001,item,11,ab6ba002-694f-4cf7-9233-9bad87f9892c,J3,unit,1.000,4808544.00,4808544.00,0.0000,35.00,155,2026-06-13T17:41:16.363Z,2026-06-13T17:41:16.363Z,70.00,25.00,0.00,5.00,,,,"[]"
4b640de5-87a1-4aee-8f5d-df74bb37a2cc,c0000000-0000-0000-0000-000000000001,item,12,ab6ba002-694f-4cf7-9233-9bad87f9892c,J3A,unit,1.000,4394556.00,4394556.00,0.0000,35.00,156,2026-06-13T17:41:16.363Z,2026-06-13T17:41:16.363Z,70.00,25.00,0.00,5.00,,,,"[]"
995cd83e-8d71-4030-9d26-c97da463d86c,c0000000-0000-0000-0000-000000000001,item,3,4ca28807-38d1-4412-9ffa-8056970ea2b8,Plat Lantai Beton tebal 12 cm Lt.2 (tulangan double),m³,6.557,7256263.00,47577865.24,0.0000,80.00,89,2026-06-13T17:41:16.363Z,2026-06-13T17:41:16.363Z,0.00,0.00,0.00,0.00,,,,"[]"
d22c2433-11bc-491d-8f46-4fc440761668,c0000000-0000-0000-0000-000000000001,item,4,4ca28807-38d1-4412-9ffa-8056970ea2b8,Plat Lantai Beton tebal 12 cm Lt.3 (tulangan double),m³,7.930,7256263.00,57539263.08,0.0000,80.00,90,2026-06-13T17:41:16.363Z,2026-06-13T17:41:16.363Z,0.00,0.00,0.00,0.00,,,,"[]"
6ff4b127-7370-4678-b98f-a9bfbd7d86d7,c0000000-0000-0000-0000-000000000001,item,5,4ca28807-38d1-4412-9ffa-8056970ea2b8,Plat Beton Carpot tebal 10 cm (tanpa tulangan ),m³,3.246,1517970.00,4927330.62,0.0000,80.00,91,2026-06-13T17:41:16.363Z,2026-06-13T17:41:16.363Z,0.00,0.00,0.00,0.00,,,,"[]"
d95fb599-66d2-49a4-ae32-509570f8ae07,c0000000-0000-0000-0000-000000000001,item,7,4ca28807-38d1-4412-9ffa-8056970ea2b8,Plat Canopy tebal 10cm (tulangan double),m³,1.647,7728000.00,12728016.00,0.0000,80.00,93,2026-06-13T17:41:16.363Z,2026-06-13T17:41:16.363Z,0.00,0.00,0.00,0.00,,,,"[]"
97f63a20-012a-4176-936f-b36a2b2d9018,c0000000-0000-0000-0000-000000000001,item,1,0df4a5a3-fc20-4472-9f53-01f6eb89ee62,Pasangan Batu Kali,m³,5.752,1344080.00,7731484.18,0.0000,100.00,99,2026-06-13T17:41:16.363Z,2026-06-13T17:41:16.363Z,0.00,0.00,0.00,0.00,,,,"[]"
eabe2c91-aa85-476e-aa41-6aa53c082525,c0000000-0000-0000-0000-000000000001,item,2,,Rolaag Bata,m',6.000,128962.50,773775.00,0.0000,100.00,102,2026-06-13T17:41:16.363Z,2026-06-13T17:41:16.363Z,0.00,0.00,0.00,0.00,,,,"[]"
f9b16571-f3cd-4230-90d9-9d64f7d6ea3b,c0000000-0000-0000-0000-000000000001,item,1,,Pasangan Dinding 1/2 Bata Transram 1pc : 3ps,m²,3.620,374540.00,1355834.80,0.0000,100.00,107,2026-06-13T17:41:16.363Z,2026-06-13T17:41:16.363Z,0.00,0.00,0.00,0.00,,,,"[]"
7c481ff3-4ba8-445c-8a46-4553370428af,c0000000-0000-0000-0000-000000000001,item,2,,Pasangan Dinding 1/2 Bata 1pc : 5ps,m²,14.500,180820.00,2621890.00,0.0000,100.00,108,2026-06-13T17:41:16.363Z,2026-06-13T17:41:16.363Z,0.00,0.00,0.00,0.00,,,,"[]"
d8c06984-f3bd-46bc-a61e-1abac9cd6bd0,c0000000-0000-0000-0000-000000000001,item,3,,Plesteran Dinding Trasram 1pc : 3ps,m²,48.340,107500.00,5196550.00,0.0000,100.00,109,2026-06-13T17:41:16.363Z,2026-06-13T17:41:16.363Z,0.00,0.00,0.00,0.00,,,,"[]"
80dd8111-8a52-4a57-b167-98e5ffa62cea,c0000000-0000-0000-0000-000000000001,item,4,,Plesteran Dinding 1pc : 5ps,m²,29.860,92810.00,2771306.60,0.0000,100.00,110,2026-06-13T17:41:16.363Z,2026-06-13T17:41:16.363Z,0.00,0.00,0.00,0.00,,,,"[]"
45732f5c-37d2-4102-8c21-f3174e793149,c0000000-0000-0000-0000-000000000001,item,6,,Finishing lubang kusen Allumunium,m',15.000,99030.00,1485450.00,0.0000,70.00,112,2026-06-13T17:41:16.363Z,2026-06-13T17:41:16.363Z,0.00,0.00,0.00,0.00,,,,"[]"
40bf0d09-605f-4322-b11b-143fd62e6c40,c0000000-0000-0000-0000-000000000001,item,1,,Pasangan Dinding 1/2 Bata Transram 1pc : 3ps,m²,9.050,374540.00,3389587.00,0.0000,70.00,114,2026-06-13T17:41:16.363Z,2026-06-13T17:41:16.363Z,0.00,0.00,0.00,0.00,,,,"[]"
647e6c48-202e-43cc-a5dd-85ff1102aef0,c0000000-0000-0000-0000-000000000001,item,2,,Pasangan Dinding 1/2 Bata 1pc : 5ps,m²,68.780,180820.00,12436799.60,0.0000,70.00,115,2026-06-13T17:41:16.363Z,2026-06-13T17:41:16.363Z,0.00,0.00,0.00,0.00,,,,"[]"
09f941ac-f8f3-4dc3-b716-eba7bcd5aa05,c0000000-0000-0000-0000-000000000001,item,3,,Plesteran Dinding Trasram 1pc : 3ps,m²,18.100,107500.00,1945750.00,0.0000,70.00,116,2026-06-13T17:41:16.363Z,2026-06-13T17:41:16.363Z,0.00,0.00,0.00,0.00,,,,"[]"
f8ef319e-c6d0-407b-933a-651f3d94794d,c0000000-0000-0000-0000-000000000001,item,5,,Acian,m²,137.560,52560.00,7230153.60,0.0000,70.00,118,2026-06-13T17:41:16.363Z,2026-06-13T17:41:16.363Z,0.00,0.00,0.00,0.00,,,,"[]"
0f62a8a1-0bd8-4374-abaf-27b6f7ec3816,c0000000-0000-0000-0000-000000000001,item,6,,Finishing lubang kusen Allumunium,m',26.000,99030.00,2574780.00,0.0000,70.00,119,2026-06-13T17:41:16.363Z,2026-06-13T17:41:16.363Z,0.00,0.00,0.00,0.00,,,,"[]"
df7c50ca-de4d-4f2f-8ffb-247b992a0097,c0000000-0000-0000-0000-000000000001,item,1,,Pasangan Dinding 1/2 Bata Transram 1pc : 3ps,m²,10.660,374540.00,3992596.40,0.0000,50.00,121,2026-06-13T17:41:16.363Z,2026-06-13T17:41:16.363Z,0.00,0.00,0.00,0.00,,,,"[]"
4a35c239-3f65-4f20-8892-1e3008306c36,c0000000-0000-0000-0000-000000000001,item,2,,Pasangan Dinding 1/2 Bata 1pc : 5ps,m²,97.020,180820.00,17543156.40,0.0000,50.00,122,2026-06-13T17:41:16.363Z,2026-06-13T17:41:16.363Z,0.00,0.00,0.00,0.00,,,,"[]"
5817abd8-db2a-4cc6-83a9-7b1138bf7f93,c0000000-0000-0000-0000-000000000001,item,4,,Plesteran Dinding 1pc : 5ps,m²,194.040,92810.00,18008852.40,0.0000,50.00,124,2026-06-13T17:41:16.363Z,2026-06-13T17:41:16.363Z,0.00,0.00,0.00,0.00,,,,"[]"
8d129aa9-3fc9-4395-9b5e-9090d04b1afd,c0000000-0000-0000-0000-000000000001,item,5,,Acian,m²,194.040,52560.00,10198742.40,0.0000,50.00,125,2026-06-13T17:41:16.363Z,2026-06-13T17:41:16.363Z,0.00,0.00,0.00,0.00,,,,"[]"
b3435d5d-2efa-4e22-b80d-89cd31e1c45c,c0000000-0000-0000-0000-000000000001,item,6,,Finishing lubang kusen Allumunium,m',32.000,99030.00,3168960.00,0.0000,50.00,126,2026-06-13T17:41:16.363Z,2026-06-13T17:41:16.363Z,0.00,0.00,0.00,0.00,,,,"[]"
14c7df65-daaa-4f44-ae8b-222e79e1d1c7,c0000000-0000-0000-0000-000000000001,item,1,,Pasangan Dinding 1/2 Bata Transram 1pc : 3ps,m²,13.730,374540.00,5142434.20,0.0000,50.00,128,2026-06-13T17:41:16.363Z,2026-06-13T17:41:16.363Z,0.00,0.00,0.00,0.00,,,,"[]"
a00c68e1-0d21-4bec-955a-9d1c8df991d1,c0000000-0000-0000-0000-000000000001,item,2,,Pasangan Dinding 1/2 Bata 1pc : 5ps,m²,86.700,180820.00,15677094.00,0.0000,50.00,129,2026-06-13T17:41:16.363Z,2026-06-13T17:41:16.363Z,0.00,0.00,0.00,0.00,,,,"[]"
56b849ad-0292-4797-a9f5-9900384a2b0b,c0000000-0000-0000-0000-000000000001,item,4,,Plesteran Dinding 1pc : 5ps,m²,173.400,92810.00,16093254.00,0.0000,50.00,131,2026-06-13T17:41:16.363Z,2026-06-13T17:41:16.363Z,0.00,0.00,0.00,0.00,,,,"[]"
8389e6ab-be20-4b41-8be4-07b564271c66,c0000000-0000-0000-0000-000000000001,item,5,,Pasangan Dinding Roster Beton,m²,11.680,236660.00,2764188.80,0.0000,50.00,132,2026-06-13T17:41:16.363Z,2026-06-13T17:41:16.363Z,0.00,0.00,0.00,0.00,,,,"[]"
44382265-6e5c-416f-9b4e-da8e536e259d,c0000000-0000-0000-0000-000000000001,item,6,,Acian,m²,173.400,52560.00,9113904.00,0.0000,50.00,133,2026-06-13T17:41:16.363Z,2026-06-13T17:41:16.363Z,0.00,0.00,0.00,0.00,,,,"[]"
0df85c39-4c2d-4195-9081-83448bea1c9f,c0000000-0000-0000-0000-000000000001,item,7,,Finishing lubang kusen Allumunium,m',11.000,99030.00,1089330.00,0.0000,50.00,134,2026-06-13T17:41:16.363Z,2026-06-13T17:41:16.363Z,0.00,0.00,0.00,0.00,,,,"[]"
f08a068e-a1f9-4078-a9b7-483dfd8e7c62,c0000000-0000-0000-0000-000000000001,item,1,8b8579ec-19d7-4065-ba50-6141d5eb6095,Fin. Dinding Bata Tempel,m²,14.830,186480.00,2765498.40,0.0000,40.00,136,2026-06-13T17:41:16.363Z,2026-06-13T17:41:16.363Z,0.00,0.00,0.00,0.00,,,,"[]"
3d225a9b-569e-490f-aaab-ab0c13a90d46,c0000000-0000-0000-0000-000000000001,item,4,8b8579ec-19d7-4065-ba50-6141d5eb6095,Tali air bawah atap façade,m',0.000,,,0.0000,0.00,139,2026-06-13T17:41:16.363Z,2026-06-13T17:41:16.363Z,0.00,0.00,0.00,0.00,,,,"[]"
f59b4f3d-9f14-4b8f-8e36-e8949fcb3940,c0000000-0000-0000-0000-000000000001,item,1,2f3962de-dbee-4445-a791-f37e2523a364,"Profil +3,15, +3,55, +7,16, +7,66",m',0.000,,,0.0000,0.00,141,2026-06-13T17:41:16.363Z,2026-06-13T17:41:16.363Z,0.00,0.00,0.00,0.00,,,,"[]"
393b7dd5-cff8-4386-987e-225b6993fb9b,c0000000-0000-0000-0000-000000000001,item,2,2f3962de-dbee-4445-a791-f37e2523a364,Profilan pintu dan jendela lebar 15 cm,m',0.000,,,0.0000,0.00,142,2026-06-13T17:41:16.363Z,2026-06-13T17:41:16.363Z,0.00,0.00,0.00,0.00,,,,"[]"
16f5e818-60ad-4afc-8e46-bced574e1c06,c0000000-0000-0000-0000-000000000001,item,3,8b8579ec-19d7-4065-ba50-6141d5eb6095,Fin. Bantalan (Pinggiran Taman & Void ),m',36.000,190240.00,6848640.00,0.0000,40.00,138,2026-06-13T17:41:16.363Z,2026-06-13T17:41:16.363Z,0.00,0.00,0.00,0.00,,,,"[]"
83064dea-21ac-478e-8571-062121269b29,c0000000-0000-0000-0000-000000000001,item,2,ab6ba002-694f-4cf7-9233-9bad87f9892c,PJ2,unit,0.000,,0.00,0.0000,0.00,145,2026-06-13T17:41:16.363Z,2026-06-13T17:41:16.363Z,0.00,0.00,0.00,0.00,,,,"[]"
0f2857be-afce-4f3d-8ba7-e2fc9d488ed7,c0000000-0000-0000-0000-000000000001,item,3,ab6ba002-694f-4cf7-9233-9bad87f9892c,P2,unit,5.000,5034200.00,25171000.00,0.0000,35.00,147,2026-06-13T17:41:16.363Z,2026-06-13T17:41:16.363Z,70.00,25.00,0.00,5.00,,,,"[]"
29f3daa9-7973-493c-8517-169a3b5d29ab,c0000000-0000-0000-0000-000000000001,item,9,ab6ba002-694f-4cf7-9233-9bad87f9892c,J1,unit,0.000,,0.00,0.0000,0.00,153,2026-06-13T17:41:16.363Z,2026-06-13T17:41:16.363Z,0.00,0.00,0.00,0.00,,,,"[]"
e46a721f-d408-40fd-90e6-b32823230168,c0000000-0000-0000-0000-000000000001,item,13,ab6ba002-694f-4cf7-9233-9bad87f9892c,J5,unit,0.000,,0.00,0.0000,0.00,157,2026-06-13T17:41:16.363Z,2026-06-13T17:41:16.363Z,0.00,0.00,0.00,0.00,,,,"[]"
fa002033-821f-4682-9c0f-db62633b6e44,c0000000-0000-0000-0000-000000000001,item,14,ab6ba002-694f-4cf7-9233-9bad87f9892c,J6,unit,0.000,,0.00,0.0000,0.00,158,2026-06-13T17:41:16.363Z,2026-06-13T17:41:16.363Z,0.00,0.00,0.00,0.00,,,,"[]"
8ba012b3-79a2-437e-ae46-dcd0ede6ca7e,c0000000-0000-0000-0000-000000000001,item,2,,Plafond Water Resistant,m²,62.610,118820.00,7439320.20,0.0000,35.00,165,2026-06-13T17:41:16.363Z,2026-06-13T17:41:16.363Z,0.00,0.00,0.00,0.00,,,,"[]"
90c4a31e-a306-4cde-b436-24cd722c59f2,c0000000-0000-0000-0000-000000000001,item,16,ab6ba002-694f-4cf7-9233-9bad87f9892c,BV2,unit,0.000,,,0.0000,0.00,160,2026-06-13T17:41:16.363Z,2026-06-13T17:41:16.363Z,0.00,0.00,0.00,0.00,,,,"[]"
60819262-c0eb-43c6-87ff-ad158461dbc3,c0000000-0000-0000-0000-000000000001,item,17,ab6ba002-694f-4cf7-9233-9bad87f9892c,BV3,unit,0.000,,,0.0000,0.00,161,2026-06-13T17:41:16.363Z,2026-06-13T17:41:16.363Z,0.00,0.00,0.00,0.00,,,,"[]"
8cbbc7a3-06ac-4c18-b411-1afb99becc35,c0000000-0000-0000-0000-000000000001,item,3,1e975e4c-ddad-4cf6-a229-cf801889f75b,Atap UPVC Gelombang,m²,62.100,385710.00,23952591.00,0.0000,25.00,173,2026-06-13T17:41:16.363Z,2026-06-13T17:41:16.363Z,65.00,30.00,0.00,5.00,,,,"[]"
91ab8169-904d-4295-82ff-2b5a56933794,c0000000-0000-0000-0000-000000000001,item,4,1e975e4c-ddad-4cf6-a229-cf801889f75b,Atap UPVC Flat Transparant,m',63.460,320680.00,20350352.80,0.0000,25.00,174,2026-06-13T17:41:16.363Z,2026-06-13T17:41:16.363Z,65.00,30.00,0.00,5.00,,,,"[]"
a75078d8-0d09-47a9-a3e6-15125af31e65,c0000000-0000-0000-0000-000000000001,item,5,1e975e4c-ddad-4cf6-a229-cf801889f75b,Talang Air UPVC,m',26.000,110500.00,2873000.00,0.0000,90.00,178,2026-06-13T17:41:16.363Z,2026-06-13T17:41:16.363Z,65.00,30.00,0.00,5.00,,,,"[]"
dfc361ab-2931-4033-92a0-d188263e573f,c0000000-0000-0000-0000-000000000001,item,4,,Plafond Overstek + Rangka,m²,0.000,,0.00,0.0000,0.00,167,2026-06-13T17:41:16.363Z,2026-06-13T17:41:16.363Z,0.00,0.00,0.00,0.00,,,,"[]"
5025d1e6-f34b-4cdc-8026-c27e505222e7,c0000000-0000-0000-0000-000000000001,item,1,0c74acc2-3e02-4903-8f34-a571a62a2914,"Pekerjaan Lantai Ruang Utama (R. Tamu, R. Keluarga, R. Tidur",m²,93.320,496390.00,46323114.80,0.0000,90.00,180,2026-06-13T17:41:16.363Z,2026-06-13T17:41:16.363Z,60.00,35.00,0.00,5.00,,,,"[]"
09fbe8de-e6e2-40cc-9b2f-a18a59c12d3a,c0000000-0000-0000-0000-000000000001,item,2,,Pekerjaan Lantai Teras Lt. Bawah,m²,8.640,421080.00,3638131.20,0.0000,90.00,182,2026-06-13T17:41:16.363Z,2026-06-13T17:41:16.363Z,0.00,0.00,0.00,0.00,,,,"[]"
7dc5fb84-5c93-4dd1-b996-f5149bfe09ff,c0000000-0000-0000-0000-000000000001,item,4,464d0442-bf50-4f2c-bd51-4168a33df5a8,Pengecatan Plafon,m²,210.300,35000.00,7360500.00,0.0000,5.00,211,2026-06-13T17:41:16.363Z,2026-06-13T17:41:16.363Z,45.00,50.00,0.00,5.00,,,,"[]"
866f9510-bbdb-4a1a-9444-f164929543b6,c0000000-0000-0000-0000-000000000001,item,5,464d0442-bf50-4f2c-bd51-4168a33df5a8,Pengecatan Lisplank dan beton expose,m²,31.790,25000.00,794750.00,0.0000,5.00,212,2026-06-13T17:41:16.363Z,2026-06-13T17:41:16.363Z,45.00,50.00,0.00,5.00,,,,"[]"
fc167206-e59a-46bc-94b8-e875f6d38d97,c0000000-0000-0000-0000-000000000001,item,1,5da7d1dc-fd74-4fab-89ed-b8d2f7393175,Closet Duduk,bh,3.000,621920.00,1865760.00,0.0000,5.00,214,2026-06-13T17:41:16.363Z,2026-06-13T17:41:16.363Z,75.00,20.00,0.00,5.00,,,,"[]"
b3215780-803a-4a04-a9c8-cf0cfdeb3d74,c0000000-0000-0000-0000-000000000001,item,5,1e975e4c-ddad-4cf6-a229-cf801889f75b,Nok 3 Arah,bh,0.000,,0.00,0.0000,0.00,175,2026-06-13T17:41:16.363Z,2026-06-13T17:41:16.363Z,0.00,0.00,0.00,0.00,,,,"[]"
3e6f191d-a393-4be4-881f-0505c3b47dab,c0000000-0000-0000-0000-000000000001,item,6,1e975e4c-ddad-4cf6-a229-cf801889f75b,Nok Ujung,bh,0.000,,0.00,0.0000,0.00,176,2026-06-13T17:41:16.363Z,2026-06-13T17:41:16.363Z,0.00,0.00,0.00,0.00,,,,"[]"
e4ea1c20-1f5e-4b66-9d20-dee3b00a3887,c0000000-0000-0000-0000-000000000001,item,7,1e975e4c-ddad-4cf6-a229-cf801889f75b,List Plank GRC,m',0.000,,0.00,0.0000,0.00,177,2026-06-13T17:41:16.363Z,2026-06-13T17:41:16.363Z,0.00,0.00,0.00,0.00,,,,"[]"
ddb2d94a-9269-435a-bbd5-2352c8a4d73e,c0000000-0000-0000-0000-000000000001,item,1,b510c969-09d0-41be-9c7f-f84a7749fecd,Plafond Utama + Rangka,m²,130.190,141510.00,18423186.90,0.0000,35.00,163,2026-06-13T17:41:16.363Z,2026-06-13T17:41:16.363Z,55.00,40.00,0.00,5.00,,,,"[]"
3fe93690-7462-4892-bdcf-8e501942ebcf,c0000000-0000-0000-0000-000000000001,item,3,,Plafond Teras dan Overstek + Rangka,m²,17.500,141510.00,2476425.00,0.0000,25.00,166,2026-06-13T17:41:16.363Z,2026-06-13T17:41:16.363Z,0.00,0.00,0.00,0.00,,,,"[]"
3b3c92b8-013c-41f8-be24-d972a3de0fd2,c0000000-0000-0000-0000-000000000001,item,5,,Beton Exposed kanopi dan tangga,m²,31.790,73160.00,2325756.40,0.0000,25.00,169,2026-06-13T17:41:16.363Z,2026-06-13T17:41:16.363Z,0.00,0.00,0.00,0.00,,,,"[]"
5854a061-817d-4442-a4d4-9d70a9c68893,c0000000-0000-0000-0000-000000000001,item,1,1e975e4c-ddad-4cf6-a229-cf801889f75b,Rangka Atap Baja,Kg,1330.412,43528.65,57911055.72,0.0000,25.00,171,2026-06-13T17:41:16.363Z,2026-06-13T17:41:16.363Z,65.00,30.00,0.00,5.00,,,,"[]"
42372403-0c90-4786-a03f-c3c799c8a71c,c0000000-0000-0000-0000-000000000001,item,3,,Pekerjaan Step Tangga Existing (Tangga ke Lt. 2 & Tangga Ke,m²,20.830,355550.00,7406106.50,0.0000,90.00,183,2026-06-13T17:41:16.363Z,2026-06-13T17:41:16.363Z,0.00,0.00,0.00,0.00,,,,"[]"
c5538efc-7251-41b2-9d23-45ccbbe62e65,c0000000-0000-0000-0000-000000000001,item,5,,Pekerjaan Lantai Garasi/Carport,m²,32.460,414040.00,13439738.40,0.0000,15.00,186,2026-06-13T17:41:16.363Z,2026-06-13T17:41:16.363Z,0.00,0.00,0.00,0.00,,,,"[]"
4ac94075-7a62-49f2-93eb-a8d24645759e,c0000000-0000-0000-0000-000000000001,item,6,,Pekerjaan Lantai Teras Taman Belakang,m²,9.770,421080.00,4113951.60,0.0000,15.00,187,2026-06-13T17:41:16.363Z,2026-06-13T17:41:16.363Z,0.00,0.00,0.00,0.00,,,,"[]"
b4e412e5-1354-4f6c-a3c4-9affef222c02,c0000000-0000-0000-0000-000000000001,item,7,,Pekerjaan Lantai Dapur,m²,14.180,414040.00,5871087.20,0.0000,15.00,188,2026-06-13T17:41:16.363Z,2026-06-13T17:41:16.363Z,0.00,0.00,0.00,0.00,,,,"[]"
be9ec2a1-a746-40c3-b8d3-9faabd0ea93b,c0000000-0000-0000-0000-000000000001,item,8,,Pekerjaan Lantai R. Tidur Utama & R. Tidur Anak,m²,31.380,355550.00,11157159.00,0.0000,15.00,189,2026-06-13T17:41:16.363Z,2026-06-13T17:41:16.363Z,0.00,0.00,0.00,0.00,,,,"[]"
ef037280-b695-4ec5-9e7c-39787d970a3d,c0000000-0000-0000-0000-000000000001,item,9,,Pekerjaan Lantai Ruang Olahraga,m²,34.280,414040.00,14193291.20,0.0000,15.00,190,2026-06-13T17:41:16.363Z,2026-06-13T17:41:16.363Z,0.00,0.00,0.00,0.00,,,,"[]"
d3bd418b-9131-4afa-9954-0177efa9851e,c0000000-0000-0000-0000-000000000001,item,10,,Pekerjaan Lantai Area Jemur (Service Area),m²,16.820,263700.00,4435434.00,0.0000,15.00,191,2026-06-13T17:41:16.363Z,2026-06-13T17:41:16.363Z,0.00,0.00,0.00,0.00,,,,"[]"
42058070-a2f9-490d-bcc4-75c820056581,c0000000-0000-0000-0000-000000000001,item,12,,Pekerjaan Lantai KM/WC Tamu Lt. Bawah,m²,6.650,421080.00,2800182.00,0.0000,15.00,193,2026-06-13T17:41:16.363Z,2026-06-13T17:41:16.363Z,0.00,0.00,0.00,0.00,,,,"[]"
9b7e00d5-6591-423c-be49-c938dc9d97a4,c0000000-0000-0000-0000-000000000001,item,13,,Pekerjaan Lantai KM/WC R. Tidur Utama,m²,4.300,263700.00,1133910.00,0.0000,15.00,194,2026-06-13T17:41:16.363Z,2026-06-13T17:41:16.363Z,0.00,0.00,0.00,0.00,,,,"[]"
c84d1228-17f2-4623-ab00-162d5d869bc4,c0000000-0000-0000-0000-000000000001,item,14,,Pekerjaan Lantai KM/WC R. Tidur Anak,m²,4.500,385050.00,1732725.00,0.0000,15.00,195,2026-06-13T17:41:16.363Z,2026-06-13T17:41:16.363Z,0.00,0.00,0.00,0.00,,,,"[]"
e9b5c0ad-4334-4287-a759-9c4024d7e678,c0000000-0000-0000-0000-000000000001,item,15,,Pekerjaan Dinding Kamar Mandi Tamu Lt. Bawah,m²,25.125,421080.00,10579635.00,0.0000,15.00,196,2026-06-13T17:41:16.363Z,2026-06-13T17:41:16.363Z,0.00,0.00,0.00,0.00,,,,"[]"
86649f13-84a0-4cff-b880-a592a1c21987,c0000000-0000-0000-0000-000000000001,item,17,,Pekerjaan Dinding Kamar Mandi Anak Lt. Atas,m²,15.500,294030.00,4557465.00,0.0000,15.00,198,2026-06-13T17:41:16.363Z,2026-06-13T17:41:16.363Z,0.00,0.00,0.00,0.00,,,,"[]"
5a2901df-56a2-42f2-972d-4bab6d1f7645,c0000000-0000-0000-0000-000000000001,item,18,,Pekerjaan Dinding Dapur/R. Makan,m²,10.500,294030.00,3087315.00,0.0000,15.00,199,2026-06-13T17:41:16.363Z,2026-06-13T17:41:16.363Z,0.00,0.00,0.00,0.00,,,,"[]"
483cc345-3c59-4e2f-9f32-8b67ee505737,c0000000-0000-0000-0000-000000000001,item,19,,Pasangan Dinding Roster Beton,m²,2.090,236660.00,494619.40,0.0000,15.00,200,2026-06-13T17:41:16.363Z,2026-06-13T17:41:16.363Z,0.00,0.00,0.00,0.00,,,,"[]"
cdf29dba-262a-4a7d-95b8-145698cbdb9e,c0000000-0000-0000-0000-000000000001,item,20,,Keramik Lantai uk. 20 x 20 ( KM/WC Service ),m²,2.000,290290.00,580580.00,0.0000,5.00,201,2026-06-13T17:41:16.363Z,2026-06-13T17:41:16.363Z,0.00,0.00,0.00,0.00,,,,"[]"
02851c52-5af0-488a-a702-0b0d2da78e77,c0000000-0000-0000-0000-000000000001,item,21,,Keramik Dinding uk. 20 x 20 ( KM/WC Service ),m²,8.840,290290.00,2566163.60,0.0000,5.00,202,2026-06-13T17:41:16.363Z,2026-06-13T17:41:16.363Z,0.00,0.00,0.00,0.00,,,,"[]"
f87c6572-b1f1-4d7d-bbdc-2bfaa75bd2a0,c0000000-0000-0000-0000-000000000001,item,23,,Plint lantai utama 10 x 60,m',171.420,57810.00,9909790.20,0.0000,5.00,204,2026-06-13T17:41:16.363Z,2026-06-13T17:41:16.363Z,0.00,0.00,0.00,0.00,,,,"[]"
f23f7670-0787-4c23-b2a5-42d195cbef96,c0000000-0000-0000-0000-000000000001,item,25,,Plint lantai R. Tidur Service & Gudang 10 x 50,m',21.400,60580.00,1296412.00,0.0000,5.00,206,2026-06-13T17:41:16.363Z,2026-06-13T17:41:16.363Z,0.00,0.00,0.00,0.00,,,,"[]"
643be96a-5a83-474b-8097-e2975b519ac8,c0000000-0000-0000-0000-000000000001,item,22,,Keramik Meja Dapur + Dinding Uk. 20x60 cm  ( Pantry ),m²,0.000,,0.00,0.0000,0.00,203,2026-06-13T17:41:16.363Z,2026-06-13T17:41:16.363Z,0.00,0.00,0.00,0.00,,,,"[]"
724f4049-d976-4f79-81de-67781df16180,c0000000-0000-0000-0000-000000000001,item,3,464d0442-bf50-4f2c-bd51-4168a33df5a8,Pengecatan Tembok Interior,m²,502.460,46000.00,23113160.00,0.0000,5.00,210,2026-06-13T17:41:16.363Z,2026-06-13T17:41:16.363Z,45.00,50.00,0.00,5.00,,,,"[]"
c774d2e8-7ce0-41b8-acae-7d9a702fdea3,c0000000-0000-0000-0000-000000000001,item,24,,Plint lantai garasi 10 x 60,m',0.000,,0.00,0.0000,0.00,205,2026-06-13T17:41:16.363Z,2026-06-13T17:41:16.363Z,0.00,0.00,0.00,0.00,,,,"[]"
9750fcae-c9f4-4507-8449-5655cff63d86,c0000000-0000-0000-0000-000000000001,item,4,5da7d1dc-fd74-4fab-89ed-b8d2f7393175,Wastafel,bh,3.000,419030.00,1257090.00,0.0000,70.00,217,2026-06-13T17:41:16.363Z,2026-06-13T17:41:16.363Z,75.00,20.00,0.00,5.00,,,,"[]"
37f175c0-bab7-424b-992e-cf3f40dc5b5d,c0000000-0000-0000-0000-000000000001,item,5,5da7d1dc-fd74-4fab-89ed-b8d2f7393175,Kran Washtafel,bh,3.000,79000.00,237000.00,0.0000,70.00,218,2026-06-13T17:41:16.363Z,2026-06-13T17:41:16.363Z,75.00,20.00,0.00,5.00,,,,"[]"
41a55d43-f9c2-4ff1-8dd6-94e3e6fa3803,c0000000-0000-0000-0000-000000000001,item,6,5da7d1dc-fd74-4fab-89ed-b8d2f7393175,Closet Jongkok,bh,1.000,420610.00,420610.00,0.0000,70.00,221,2026-06-13T17:41:16.363Z,2026-06-13T17:41:16.363Z,75.00,20.00,0.00,5.00,,,,"[]"
a885e495-4538-4164-bcc4-bdf88fda5ee5,c0000000-0000-0000-0000-000000000001,item,8,5da7d1dc-fd74-4fab-89ed-b8d2f7393175,Kran dinding,bh,2.000,79000.00,158000.00,0.0000,70.00,223,2026-06-13T17:41:16.363Z,2026-06-13T17:41:16.363Z,75.00,20.00,0.00,5.00,,,,"[]"
776aacae-ebe4-4e53-aa10-de79c2216674,c0000000-0000-0000-0000-000000000001,item,6,5da7d1dc-fd74-4fab-89ed-b8d2f7393175,Bath Tube,unit,0.000,,0.00,0.0000,0.00,219,2026-06-13T17:41:16.363Z,2026-06-13T17:41:16.363Z,0.00,0.00,0.00,0.00,,,,"[]"
cc759c8d-320b-477e-b655-e41a9274b43f,c0000000-0000-0000-0000-000000000001,item,7,5da7d1dc-fd74-4fab-89ed-b8d2f7393175,Kran Bath Tube + Shower,unit,0.000,,0.00,0.0000,0.00,220,2026-06-13T17:41:16.363Z,2026-06-13T17:41:16.363Z,0.00,0.00,0.00,0.00,,,,"[]"
ed49ea90-b296-40aa-81ea-22722074c359,c0000000-0000-0000-0000-000000000001,item,9,5da7d1dc-fd74-4fab-89ed-b8d2f7393175,Kran Taman,bh,2.000,79000.00,158000.00,0.0000,70.00,224,2026-06-13T17:41:16.363Z,2026-06-13T17:41:16.363Z,75.00,20.00,0.00,5.00,,,,"[]"
95f3f173-5b9e-4f14-87f6-22d27d2be205,c0000000-0000-0000-0000-000000000001,item,10,5da7d1dc-fd74-4fab-89ed-b8d2f7393175,Kran Carport,bh,1.000,79000.00,79000.00,0.0000,70.00,225,2026-06-13T17:41:16.363Z,2026-06-13T17:41:16.363Z,75.00,20.00,0.00,5.00,,,,"[]"
eca0996e-d966-4f0d-a16b-a19a9842f2e7,c0000000-0000-0000-0000-000000000001,item,11,5da7d1dc-fd74-4fab-89ed-b8d2f7393175,Kitchen Zink,bh,1.000,300000.00,300000.00,0.0000,55.00,226,2026-06-13T17:41:16.363Z,2026-06-13T17:41:16.363Z,75.00,20.00,0.00,5.00,,,,"[]"
bb4d07a6-b8b9-48c5-99b7-5c36eac4d7ab,c0000000-0000-0000-0000-000000000001,item,1,0df4a5a3-fc20-4472-9f53-01f6eb89ee62,Instalasi Air Bersih VXS 16 mm,m',51.000,56130.00,2862630.00,0.0000,55.00,230,2026-06-13T17:41:16.363Z,2026-06-13T17:41:16.363Z,0.00,0.00,0.00,0.00,,,,"[]"
6000aad2-27cf-48e6-bebb-63f943925a06,c0000000-0000-0000-0000-000000000001,item,2,83a3399a-a5e1-4ad6-ba4b-8703dac5505e,Instalasi titik lampu Outbow  + saklar,bh,17.000,149390.00,2539630.00,0.0000,10.00,242,2026-06-13T17:41:16.363Z,2026-06-13T17:41:16.363Z,55.00,40.00,0.00,5.00,,,,"[]"
9e31f568-1cda-40de-8bac-b8e50f33e4f7,c0000000-0000-0000-0000-000000000001,item,3,83a3399a-a5e1-4ad6-ba4b-8703dac5505e,Instalasi titik lampu Dinding + saklar,bh,7.000,805640.00,5639480.00,0.0000,10.00,243,2026-06-13T17:41:16.363Z,2026-06-13T17:41:16.363Z,55.00,40.00,0.00,5.00,,,,"[]"
920c2586-a482-4abe-bd87-31374a59e142,c0000000-0000-0000-0000-000000000001,item,4,83a3399a-a5e1-4ad6-ba4b-8703dac5505e,Instalasi titik lampu spot tangga,bh,15.000,381881.00,5728215.00,0.0000,10.00,244,2026-06-13T17:41:16.363Z,2026-06-13T17:41:16.363Z,55.00,40.00,0.00,5.00,,,,"[]"
3a2597a9-b83b-4fd1-acd2-1d0036a92310,c0000000-0000-0000-0000-000000000001,item,6,83a3399a-a5e1-4ad6-ba4b-8703dac5505e,Saklar Ganda,bh,12.000,86968.00,1043616.00,0.0000,10.00,246,2026-06-13T17:41:16.363Z,2026-06-13T17:41:16.363Z,55.00,40.00,0.00,5.00,,,,"[]"
d3c3848a-4927-4f4c-8efe-e18df86d01e2,c0000000-0000-0000-0000-000000000001,item,7,83a3399a-a5e1-4ad6-ba4b-8703dac5505e,Instalasi stop kontak + stop kontak,bh,26.000,106968.00,2781168.00,0.0000,10.00,247,2026-06-13T17:41:16.363Z,2026-06-13T17:41:16.363Z,55.00,40.00,0.00,5.00,,,,"[]"
578753b9-e3c5-4969-9f6b-94ace71e5ede,c0000000-0000-0000-0000-000000000001,item,8,83a3399a-a5e1-4ad6-ba4b-8703dac5505e,Instalasi stop kontak AC + stop kontak AC,bh,4.000,106968.00,427872.00,0.0000,10.00,248,2026-06-13T17:41:16.363Z,2026-06-13T17:41:16.363Z,55.00,40.00,0.00,5.00,,,,"[]"
19129835-9566-4703-a9a5-90007368911e,c0000000-0000-0000-0000-000000000001,item,9,83a3399a-a5e1-4ad6-ba4b-8703dac5505e,Instalasi stop kontak WH + stop kontak WH,bh,3.000,282318.00,846954.00,0.0000,10.00,249,2026-06-13T17:41:16.363Z,2026-06-13T17:41:16.363Z,55.00,40.00,0.00,5.00,,,,"[]"
8890c572-6d0e-41f4-94cc-ea325bc8b767,c0000000-0000-0000-0000-000000000001,item,11,83a3399a-a5e1-4ad6-ba4b-8703dac5505e,Instalasi Lampu Taman (include tiang pipa GIP dia 1¼''),bh,1.000,451890.00,451890.00,0.0000,10.00,251,2026-06-13T17:41:16.363Z,2026-06-13T17:41:16.363Z,55.00,40.00,0.00,5.00,,,,"[]"
f7b2b691-9ccd-40fa-8c52-81479db30f1d,c0000000-0000-0000-0000-000000000001,item,12,83a3399a-a5e1-4ad6-ba4b-8703dac5505e,Box Sekering transparant type VL + MCB,unit,2.000,155718.00,311436.00,0.0000,10.00,252,2026-06-13T17:41:16.363Z,2026-06-13T17:41:16.363Z,55.00,40.00,0.00,5.00,,,,"[]"
254a4fd6-f3ef-4678-9ad3-960212dd49c0,c0000000-0000-0000-0000-000000000001,item,13,83a3399a-a5e1-4ad6-ba4b-8703dac5505e,Instalasi Telepon,bh,1.000,282318.00,282318.00,0.0000,10.00,253,2026-06-13T17:41:16.363Z,2026-06-13T17:41:16.363Z,55.00,40.00,0.00,5.00,,,,"[]"
aaa3e88a-f294-49d1-99f0-452ab7626850,c0000000-0000-0000-0000-000000000001,item,12,83a3399a-a5e1-4ad6-ba4b-8703dac5505e,Instalasi TV,bh,2.000,282318.00,564636.00,0.0000,10.00,254,2026-06-13T17:41:16.363Z,2026-06-13T17:41:16.363Z,55.00,40.00,0.00,5.00,,,,"[]"
32474bd9-168f-4a81-bacc-c0feff08854b,c0000000-0000-0000-0000-000000000001,item,6,9fe54697-4804-4cf1-9ca8-384f970a0410,Bak kontrol terbuka uk. 45 x 45 cm,bh,0.000,,,0.0000,0.00,239,2026-06-13T17:41:16.363Z,2026-06-13T17:41:16.363Z,0.00,0.00,0.00,0.00,,,,"[]"
4f499251-0820-4a3f-a7b3-7e0405ceed7e,c0000000-0000-0000-0000-000000000001,item,14,83a3399a-a5e1-4ad6-ba4b-8703dac5505e,Exhaust Fan,bh,3.000,550000.00,1650000.00,0.0000,10.00,257,2026-06-13T17:41:16.363Z,2026-06-13T17:41:16.363Z,55.00,40.00,0.00,5.00,,,,"[]"
a23aee26-8bd9-41d0-8597-36b6a69dfb13,c0000000-0000-0000-0000-000000000001,item,1,e1949e15-f733-4af9-9bbe-1a1918c30719,"Waterproofing Dak, (3 lapis) + screed",m²,2.814,110000.00,309540.00,0.0000,10.00,262,2026-06-13T17:41:16.363Z,2026-06-13T17:41:16.363Z,40.00,55.00,0.00,5.00,,,,"[]"
47e762ae-3289-4b51-818b-dcf7bce0d546,c0000000-0000-0000-0000-000000000001,item,2,e1949e15-f733-4af9-9bbe-1a1918c30719,Waterproofing Beton Lantai KM (3 lapis),m²,27.620,110000.00,3038200.00,0.0000,10.00,263,2026-06-13T17:41:16.363Z,2026-06-13T17:41:16.363Z,40.00,55.00,0.00,5.00,,,,"[]"
6cdd86ae-1ef8-4e8e-96e2-c1874c596966,c0000000-0000-0000-0000-000000000001,item,5,e1949e15-f733-4af9-9bbe-1a1918c30719,Septictank ( Biotec  Kap : 2  m³ ),Unit,1.000,7500000.00,7500000.00,0.0000,10.00,266,2026-06-13T17:41:16.363Z,2026-06-13T17:41:16.363Z,40.00,55.00,0.00,5.00,,,,"[]"
f077b083-2884-4884-9b36-0b50baddb157,c0000000-0000-0000-0000-000000000001,item,9,e1949e15-f733-4af9-9bbe-1a1918c30719,Railing Tangga,m',14.000,500000.00,7000000.00,0.0000,10.00,270,2026-06-13T17:41:16.363Z,2026-06-13T17:41:16.363Z,40.00,55.00,0.00,5.00,,,,"[]"
8ff37128-5975-46cd-bf87-6fd5175d9dfe,c0000000-0000-0000-0000-000000000001,item,10,e1949e15-f733-4af9-9bbe-1a1918c30719,Railling Balkon,m',23.000,2100000.00,48300000.00,0.0000,10.00,271,2026-06-13T17:41:16.363Z,2026-06-13T17:41:16.363Z,40.00,55.00,0.00,5.00,,,,"[]"
47db5897-0402-4252-a77e-a05a8f161766,c0000000-0000-0000-0000-000000000001,item,3,5da7d1dc-fd74-4fab-89ed-b8d2f7393175,Kran Dinding + Shower,bh,4.000,172800.00,691200.00,0.0000,70.00,216,2026-06-13T17:41:16.363Z,2026-06-13T17:41:16.363Z,75.00,20.00,0.00,5.00,,,,"[]"
a7265bdd-e1ae-4249-aad2-d0c5dbdc4632,c0000000-0000-0000-0000-000000000001,item,3,0df4a5a3-fc20-4472-9f53-01f6eb89ee62,Instalasi Air Bersih VXS 25 mm,m',20.000,99880.00,1997600.00,0.0000,55.00,232,2026-06-13T17:41:16.363Z,2026-06-13T17:41:16.363Z,0.00,0.00,0.00,0.00,,,,"[]"
c11b17ee-f43b-4458-ab43-03b16997f81b,c0000000-0000-0000-0000-000000000001,item,1,9fe54697-4804-4cf1-9ca8-384f970a0410,"Instalasi Pipa Air Kotor type D Ø 4""",m',72.000,137050.00,9867600.00,0.0000,55.00,234,2026-06-13T17:41:16.363Z,2026-06-13T17:41:16.363Z,0.00,0.00,0.00,0.00,,,,"[]"
4cf78101-031a-4496-bdc3-28f09be0122c,c0000000-0000-0000-0000-000000000001,item,2,9fe54697-4804-4cf1-9ca8-384f970a0410,"Instalasi Pipa Air Bekas type D Ø 3""",m',41.840,99880.00,4178979.20,0.0000,55.00,235,2026-06-13T17:41:16.363Z,2026-06-13T17:41:16.363Z,0.00,0.00,0.00,0.00,,,,"[]"
0fc31af9-e79e-45b8-9026-d0b01c0966c8,c0000000-0000-0000-0000-000000000001,item,3,9fe54697-4804-4cf1-9ca8-384f970a0410,"Instalasi Pipa Air Hujan type D Ø 2,5""",m',71.550,69190.00,4950544.50,0.0000,10.00,236,2026-06-13T17:41:16.363Z,2026-06-13T17:41:16.363Z,0.00,0.00,0.00,0.00,,,,"[]"
356b2d0f-5d96-44bb-b371-32158138a99d,c0000000-0000-0000-0000-000000000001,item,4,9fe54697-4804-4cf1-9ca8-384f970a0410,"Roof Drain metal  D Ø 3""",bh,7.000,99880.00,699160.00,0.0000,10.00,237,2026-06-13T17:41:16.363Z,2026-06-13T17:41:16.363Z,0.00,0.00,0.00,0.00,,,,"[]"
3bcfbcbd-3de4-4113-82e8-647298502daf,c0000000-0000-0000-0000-000000000001,item,1,83a3399a-a5e1-4ad6-ba4b-8703dac5505e,Instalasi titik lampu Downlight + saklar,bh,39.000,105640.00,4119960.00,0.0000,10.00,241,2026-06-13T17:41:16.363Z,2026-06-13T17:41:16.363Z,55.00,40.00,0.00,5.00,,,,"[]"
bd2f3a97-cb6f-416a-84de-d0169894d959,c0000000-0000-0000-0000-000000000001,item,14,83a3399a-a5e1-4ad6-ba4b-8703dac5505e,Instalasi Ground Roud,unit,0.000,,0.00,0.0000,0.00,256,2026-06-13T17:41:16.363Z,2026-06-13T17:41:16.363Z,0.00,0.00,0.00,0.00,,,,"[]"
50a2a3b9-548d-4f34-9452-b1dce8837bec,c0000000-0000-0000-0000-000000000001,item,4,e1949e15-f733-4af9-9bbe-1a1918c30719,Dudukan Bak Sampah + Tutup Plat Besi,Unit,,1000000.00,0.00,0.0000,0.00,265,2026-06-13T17:41:16.363Z,2026-06-13T17:41:16.363Z,0.00,0.00,0.00,0.00,,,,"[]"
d0c753ee-99bb-4f42-bca8-5eb688ce0905,c0000000-0000-0000-0000-000000000001,item,6,e1949e15-f733-4af9-9bbe-1a1918c30719,Bak meteran air,Unit,,,0.00,0.0000,0.00,267,2026-06-13T17:41:16.363Z,2026-06-13T17:41:16.363Z,0.00,0.00,0.00,0.00,,,,"[]"
5d781755-b40a-4c44-ac17-974584839b8f,c0000000-0000-0000-0000-000000000001,item,7,e1949e15-f733-4af9-9bbe-1a1918c30719,Kotak Surat,Unit,0.000,,0.00,0.0000,0.00,268,2026-06-13T17:41:16.363Z,2026-06-13T17:41:16.363Z,0.00,0.00,0.00,0.00,,,,"[]"
fda37c7f-7bf4-42eb-b0bc-612c6215fc6e,c0000000-0000-0000-0000-000000000001,item,11,e1949e15-f733-4af9-9bbe-1a1918c30719,"Instalasi Drain AC (Pipa AC, Pipa PVC dan asesorisnya)",unit,0.000,,,0.0000,0.00,272,2026-06-13T17:41:16.363Z,2026-06-13T17:41:16.363Z,0.00,0.00,0.00,0.00,,,,"[]"
6d64ef8d-ea02-4194-afe5-1c12d9ff0871,c0000000-0000-0000-0000-000000000001,item,5,83a3399a-a5e1-4ad6-ba4b-8703dac5505e,Saklar Tunggal,bh,18.000,106968.00,1925424.00,0.0000,10.00,245,2026-06-13T17:41:16.363Z,2026-06-13T17:41:16.363Z,55.00,40.00,0.00,5.00,,,,"[]"
72e16cae-d1af-4feb-963e-eefff2ea26ad,c0000000-0000-0000-0000-000000000001,item,8,e1949e15-f733-4af9-9bbe-1a1918c30719,Finishing Carport + Tali Air,m²,36.000,99030.00,3565080.00,0.0000,10.00,269,2026-06-13T17:41:16.363Z,2026-06-13T17:41:16.363Z,40.00,55.00,0.00,5.00,,,,"[]"
91eddf2c-0d78-42e7-810b-e57746eafd59,c0000000-0000-0000-0000-000000000001,item,14,e1949e15-f733-4af9-9bbe-1a1918c30719,Banbanan batas carpot,m',0.000,,,0.0000,0.00,276,2026-06-13T17:41:16.363Z,2026-06-13T17:41:16.363Z,0.00,0.00,0.00,0.00,,,,"[]"
d9adf112-e4ab-484b-b6ac-5254d538e8b0,c0000000-0000-0000-0000-000000000001,item,12,e1949e15-f733-4af9-9bbe-1a1918c30719,Ground Tank kapasitas 1 m3,unit,1.000,3000000.00,3000000.00,0.0000,10.00,273,2026-06-13T17:41:16.363Z,2026-06-13T17:41:16.363Z,40.00,55.00,0.00,5.00,,,,"[]"
4d60f62f-bea1-49cb-bd8f-c9a12057fe15,c0000000-0000-0000-0000-000000000001,item,13,e1949e15-f733-4af9-9bbe-1a1918c30719,Taman belakang,m²,11.510,50000.00,575500.00,0.0000,10.00,274,2026-06-13T17:41:16.363Z,2026-06-13T17:41:16.363Z,40.00,55.00,0.00,5.00,,,,"[]"
9ca4cd33-f2e8-4156-aba1-ada27a8e828b,c0000000-0000-0000-0000-000000000001,item,13,e1949e15-f733-4af9-9bbe-1a1918c30719,Rumput sintetis,m²,72.250,175000.00,12643750.00,0.0000,10.00,275,2026-06-13T17:41:16.363Z,2026-06-13T17:41:16.363Z,40.00,55.00,0.00,5.00,,,,"[]"
40272630-2c91-4e1f-a5be-0c57eb41cadd,c0000000-0000-0000-0000-000000000001,item,15,e1949e15-f733-4af9-9bbe-1a1918c30719,Roof Tank ( Kap  : 1 m3 ),Unit,1.000,2400000.00,2400000.00,0.0000,10.00,277,2026-06-13T17:41:16.363Z,2026-06-13T17:41:16.363Z,40.00,55.00,0.00,5.00,,,,"[]"
4402fd2e-02ad-4555-bbb6-033a12652014,c0000000-0000-0000-0000-000000000001,item,16,e1949e15-f733-4af9-9bbe-1a1918c30719,Pompa Air,Unit,1.000,2200000.00,2200000.00,0.0000,10.00,278,2026-06-13T17:41:16.363Z,2026-06-13T17:41:16.363Z,40.00,55.00,0.00,5.00,,,,"[]"
d30dc627-1072-4768-839f-62f966df7c9f,c0000000-0000-0000-0000-000000000001,item,1,252f31d1-8d53-4103-9b18-07fbb2bd4830,Helm Safety,bh,0.000,0.00,0.00,0.0000,0.00,283,2026-06-13T17:41:16.363Z,2026-06-13T17:41:16.363Z,0.00,0.00,0.00,0.00,,,,"[]"
61b23849-7dbe-432b-ae00-60b83619a7dd,c0000000-0000-0000-0000-000000000001,item,2,252f31d1-8d53-4103-9b18-07fbb2bd4830,Sepatu boot,bh,0.000,0.00,0.00,0.0000,0.00,284,2026-06-13T17:41:16.363Z,2026-06-13T17:41:16.363Z,0.00,0.00,0.00,0.00,,,,"[]"
98f51756-606d-4d12-b492-f5b308ab9223,c0000000-0000-0000-0000-000000000001,item,17,e1949e15-f733-4af9-9bbe-1a1918c30719,Sun Screen Hollow WPC Wood + Rangka hollow besi,m²,12.000,750000.00,9000000.00,0.0000,10.00,279,2026-06-13T17:41:16.363Z,2026-06-13T17:41:16.363Z,40.00,55.00,0.00,5.00,,,,"[]"
feff4111-e4e5-4fa3-8a03-cde59bfba872,c0000000-0000-0000-0000-000000000002,category,II,,PEKERJAAN TANAH & PONDASI,,,,154339660.80,4.2519,0.00,6,2026-06-15T19:25:18.163Z,2026-06-15T19:25:18.163Z,0.00,0.00,0.00,0.00,,,,"[]"
3f153895-53be-43a0-890c-b843b5193197,c0000000-0000-0000-0000-000000000002,category,III,,PEKERJAAN BETON,,,,1151702789.60,31.7286,0.00,12,2026-06-15T19:25:18.163Z,2026-06-15T19:25:18.163Z,0.00,0.00,0.00,0.00,,,,"[]"
845361d1-feeb-4332-9ef7-8e5318860bc2,c0000000-0000-0000-0000-000000000002,category,IV,,PEKERJAAN BAJA,,,,1642531571.00,45.2505,0.00,28,2026-06-15T19:25:18.163Z,2026-06-15T19:25:18.163Z,0.00,0.00,0.00,0.00,,,,"[]"
de86c2ef-2872-4fe7-8e5e-32af9c0f71f8,c0000000-0000-0000-0000-000000000002,category,IV,,PEKERJAAN PASANGAN,,,,291411593.91,8.0282,0.00,41,2026-06-15T19:25:18.163Z,2026-06-15T19:25:18.163Z,0.00,0.00,0.00,0.00,,,,"[]"
99b30144-96b5-442e-a4ee-3fc94376d455,c0000000-0000-0000-0000-000000000002,category,IX,,PEKERJAAN CAT,,,,77850000.00,2.1447,0.00,55,2026-06-15T19:25:18.163Z,2026-06-15T19:25:18.163Z,0.00,0.00,0.00,0.00,,,,"[]"
d52fe252-c4b3-4bc8-88de-9f54e9a93ca8,c0000000-0000-0000-0000-000000000002,category,XI,,PEKERJAAN PLUMBING SYSTEM,,,,0.00,0.0000,0.00,59,2026-06-15T19:25:18.163Z,2026-06-15T19:25:18.163Z,0.00,0.00,0.00,0.00,,,,"[]"
f4a0f6ed-feef-477c-96aa-abbbca981519,c0000000-0000-0000-0000-000000000002,category,XIII,,PEKERJAAN LAIN - LAIN,,,,271145000.00,7.4698,0.00,71,2026-06-15T19:25:18.163Z,2026-06-15T19:25:18.163Z,0.00,0.00,0.00,0.00,,,,"[]"
aa628055-ca1c-478f-9d31-0c9b5c1bb19a,c0000000-0000-0000-0000-000000000002,category,XIV,,PEKERJAAN TAMBAH,,,,0.00,0.0000,0.00,85,2026-06-15T19:25:18.163Z,2026-06-15T19:25:18.163Z,0.00,0.00,0.00,0.00,,,,"[]"
86bc4ef1-18f8-44eb-b276-05e2cf0e0314,c0000000-0000-0000-0000-000000000001,item,18,e1949e15-f733-4af9-9bbe-1a1918c30719,Sumur Bor,m,60.000,350000.00,21000000.00,0.0000,10.00,280,2026-06-13T17:41:16.363Z,2026-06-13T17:41:16.363Z,40.00,55.00,0.00,5.00,,,,"[]"
11d727e7-ace2-4592-b089-15da90e9a48c,c0000000-0000-0000-0000-000000000001,item,19,e1949e15-f733-4af9-9bbe-1a1918c30719,Kisi-kisi Kayu Lantai 3 (Balkon Area Olahraga),m²,6.700,450000.00,3015000.00,0.0000,10.00,281,2026-06-13T17:41:16.363Z,2026-06-13T17:41:16.363Z,40.00,55.00,0.00,5.00,,,,"[]"
b6bb3c64-2e9a-43c4-84c7-ed5e6e1e5348,c0000000-0000-0000-0000-000000000001,category,I,,PEKERJAAN PERSIAPAN,,,,10650000.00,0.8176,100.00,0,2026-06-13T17:41:16.246Z,2026-06-13T17:41:26.505Z,0.00,0.00,0.00,0.00,2026-01-31T17:00:00.000Z,2026-02-06T17:00:00.000Z,,"[]"
1081b34f-b419-48cb-94b9-de10e678dbb9,c0000000-0000-0000-0000-000000000001,item,2,,Kolom,m³,0.720,8984500.00,6468840.00,0.0000,95.00,49,2026-06-13T17:41:16.363Z,2026-06-13T17:41:16.363Z,0.00,0.00,0.00,0.00,,,,"[]"
00ead64e-104a-4923-9ed0-20158ae9d201,c0000000-0000-0000-0000-000000000001,item,2,,Kolom,m³,1.050,8984500.00,9433725.00,0.0000,80.00,60,2026-06-13T17:41:16.363Z,2026-06-13T17:41:16.363Z,0.00,0.00,0.00,0.00,,,,"[]"
84257f39-210a-4e25-9893-3a2cd241e6f7,c0000000-0000-0000-0000-000000000001,item,2,,Balok,m³,1.350,6624000.00,8942400.00,0.0000,75.00,68,2026-06-13T17:41:16.363Z,2026-06-13T17:41:16.363Z,0.00,0.00,0.00,0.00,,,,"[]"
eb06d21c-1f88-4980-b943-9fc73f79b404,c0000000-0000-0000-0000-000000000001,item,1,,Balok,m³,0.675,7407600.00,5000130.00,0.0000,75.00,75,2026-06-13T17:41:16.363Z,2026-06-13T17:41:16.363Z,0.00,0.00,0.00,0.00,,,,"[]"
b35f773e-d007-4d4e-b9df-5cad8ec7dba9,c0000000-0000-0000-0000-000000000001,item,2,,Balok,m³,2.400,6681000.00,16034400.00,0.0000,75.00,81,2026-06-13T17:41:16.363Z,2026-06-13T17:41:16.363Z,0.00,0.00,0.00,0.00,,,,"[]"
79ffb05c-3cfc-4a27-9b3c-fc175e8e5be2,c0000000-0000-0000-0000-000000000001,item,2,4ca28807-38d1-4412-9ffa-8056970ea2b8,Plat Lantai Beton tebal 12 cm Lt.1 (tulangan double),m³,7.763,7256263.00,56328918.42,0.0000,80.00,88,2026-06-13T17:41:16.363Z,2026-06-13T17:41:16.363Z,0.00,0.00,0.00,0.00,,,,"[]"
e8622eca-4f9b-4039-b854-b238f9899f81,c0000000-0000-0000-0000-000000000001,item,6,4ca28807-38d1-4412-9ffa-8056970ea2b8,Plat Beton Dak Lt.3 tebal 10 cm (tulangan double ),m³,1.167,7728000.00,9018576.00,0.0000,80.00,92,2026-06-13T17:41:16.363Z,2026-06-13T17:41:16.363Z,0.00,0.00,0.00,0.00,,,,"[]"
5bc65806-e59e-4b4d-a370-8161a7b70129,c0000000-0000-0000-0000-000000000001,item,5,,Acian,m²,29.860,52560.00,1569441.60,0.0000,70.00,111,2026-06-13T17:41:16.363Z,2026-06-13T17:41:16.363Z,0.00,0.00,0.00,0.00,,,,"[]"
d1c7be83-a58e-4336-9857-9bc3c40f988c,c0000000-0000-0000-0000-000000000001,item,4,,Plesteran Dinding 1pc : 5ps,m²,137.560,92810.00,12766943.60,0.0000,70.00,117,2026-06-13T17:41:16.363Z,2026-06-13T17:41:16.363Z,0.00,0.00,0.00,0.00,,,,"[]"
7aa93f68-ad14-46ae-a1d8-e6d7b909a3ce,c0000000-0000-0000-0000-000000000001,item,3,,Plesteran Dinding Trasram 1pc : 3ps,m²,21.320,107500.00,2291900.00,0.0000,50.00,123,2026-06-13T17:41:16.363Z,2026-06-13T17:41:16.363Z,0.00,0.00,0.00,0.00,,,,"[]"
ec34e58e-4753-4dda-921b-ca264baaf6dc,c0000000-0000-0000-0000-000000000001,item,3,,Plesteran Dinding Trasram 1pc : 3ps,m²,27.460,107500.00,2951950.00,0.0000,50.00,130,2026-06-13T17:41:16.363Z,2026-06-13T17:41:16.363Z,0.00,0.00,0.00,0.00,,,,"[]"
5798d4d8-4d3f-4782-9928-cd12232fb9c1,c0000000-0000-0000-0000-000000000001,item,2,8b8579ec-19d7-4065-ba50-6141d5eb6095,Fin. Batu Alam,m²,30.080,205128.00,6170250.24,0.0000,40.00,137,2026-06-13T17:41:16.363Z,2026-06-13T17:41:16.363Z,0.00,0.00,0.00,0.00,,,,"[]"
2108c3be-7968-4889-a1f2-13bd2e5151ef,c0000000-0000-0000-0000-000000000001,item,4,,List plafond (Wall Angle),m',176.000,38640.00,6800640.00,0.0000,25.00,168,2026-06-13T17:41:16.363Z,2026-06-13T17:41:16.363Z,0.00,0.00,0.00,0.00,,,,"[]"
6a204c2b-7f7d-4cde-a65b-4740704e0f95,c0000000-0000-0000-0000-000000000001,item,12,5da7d1dc-fd74-4fab-89ed-b8d2f7393175,Kran Zink + Complete Accessories,bh,1.000,301100.00,301100.00,0.0000,55.00,227,2026-06-13T17:41:16.363Z,2026-06-13T17:41:16.363Z,75.00,20.00,0.00,5.00,,,,"[]"
78c961f1-f95a-470a-bf3f-4a1b83ddec87,c0000000-0000-0000-0000-000000000001,item,10,83a3399a-a5e1-4ad6-ba4b-8703dac5505e,Instalasi stop kontak pompa + stop kontak pompa,bh,2.000,106968.00,213936.00,0.0000,10.00,250,2026-06-13T17:41:16.363Z,2026-06-13T17:41:16.363Z,55.00,40.00,0.00,5.00,,,,"[]"
3597ebac-d7d0-4852-8c0c-6739599d6c3e,c0000000-0000-0000-0000-000000000001,item,13,83a3399a-a5e1-4ad6-ba4b-8703dac5505e,Instalasi Kabel Toevoer NYY 4 x 4mm2,m',8.000,99390.00,795120.00,0.0000,10.00,255,2026-06-13T17:41:16.363Z,2026-06-13T17:41:16.363Z,55.00,40.00,0.00,5.00,,,,"[]"
84138fc3-d91e-4505-a7f7-2aaa9caa5996,c0000000-0000-0000-0000-000000000002,subcategory,A,3f153895-53be-43a0-890c-b843b5193197,Pondasi,,,,186913445.40,0.0000,0.00,13,2026-06-15T19:25:18.208Z,2026-06-15T19:25:18.208Z,0.00,0.00,0.00,0.00,,,,"[]"
1193b7fd-0bf8-46a6-b3a9-8c403eebbfac,c0000000-0000-0000-0000-000000000002,item,3,,Foot Plate Type I (1 x 1 x 0.5 D13-200),,,,109337202.00,0.0000,0.00,15,2026-06-15T19:25:18.208Z,2026-06-15T19:25:18.208Z,0.00,0.00,0.00,0.00,,,,"[]"
718e9055-d270-4459-8a06-4fec2b8eef76,c0000000-0000-0000-0000-000000000002,subcategory,B,3f153895-53be-43a0-890c-b843b5193197,Sloof K-250,,,,143110325.00,0.0000,0.00,18,2026-06-15T19:25:18.208Z,2026-06-15T19:25:18.208Z,0.00,0.00,0.00,0.00,,,,"[]"
7b052425-3521-4e87-ae66-fe72137d28d9,c0000000-0000-0000-0000-000000000002,subcategory,C,3f153895-53be-43a0-890c-b843b5193197,Kolom dan Balok  K-175,,,,144549979.20,0.0000,0.00,21,2026-06-15T19:25:18.208Z,2026-06-15T19:25:18.208Z,0.00,0.00,0.00,0.00,,,,"[]"
d1588ab6-6e68-4d8c-ab2b-68712a049318,c0000000-0000-0000-0000-000000000002,subcategory,D,3f153895-53be-43a0-890c-b843b5193197,Plat Lantai  K-175 / 225,,,,677129040.00,0.0000,0.00,25,2026-06-15T19:25:18.208Z,2026-06-15T19:25:18.208Z,0.00,0.00,0.00,0.00,,,,"[]"
c4e976ad-9ed2-443b-ad69-c1a0b16d53af,c0000000-0000-0000-0000-000000000002,subcategory,A,de86c2ef-2872-4fe7-8e5e-32af9c0f71f8,Pasangan Pondasi,,,,37111945.91,0.0000,0.00,42,2026-06-15T19:25:18.208Z,2026-06-15T19:25:18.208Z,0.00,0.00,0.00,0.00,,,,"[]"
dfb5aab6-bffb-4c9b-b607-bac2ee6799cb,c0000000-0000-0000-0000-000000000002,subcategory,B,de86c2ef-2872-4fe7-8e5e-32af9c0f71f8,Pasangan Dinding,,,,254299648.00,0.0000,0.00,45,2026-06-15T19:25:18.208Z,2026-06-15T19:25:18.208Z,0.00,0.00,0.00,0.00,,,,"[]"
33728318-c548-4859-ad98-6d964cc2142f,c0000000-0000-0000-0000-000000000002,subcategory,D,de86c2ef-2872-4fe7-8e5e-32af9c0f71f8,Pekerjaan Profilan,,,,0.00,0.0000,0.00,52,2026-06-15T19:25:18.208Z,2026-06-15T19:25:18.208Z,0.00,0.00,0.00,0.00,,,,"[]"
af24ea89-9df5-43b1-92a1-16b3804151b9,c0000000-0000-0000-0000-000000000002,subcategory,A,d52fe252-c4b3-4bc8-88de-9f54e9a93ca8,Air Bersih,,,,0.00,0.0000,0.00,60,2026-06-15T19:25:18.208Z,2026-06-15T19:25:18.208Z,0.00,0.00,0.00,0.00,,,,"[]"
2537265d-5ad6-450b-b879-a7533df7b403,c0000000-0000-0000-0000-000000000002,subcategory,B,d52fe252-c4b3-4bc8-88de-9f54e9a93ca8,"Air Kotor, Bekas & Hujan",,,,0.00,0.0000,0.00,64,2026-06-15T19:25:18.208Z,2026-06-15T19:25:18.208Z,0.00,0.00,0.00,0.00,,,,"[]"
24443300-9129-4b84-80a7-7469a691b4b2,c0000000-0000-0000-0000-000000000001,item,4,,Pekerjaan Step Tangga Carport,m²,8.760,399830.00,3502510.80,0.0000,90.00,185,2026-06-13T17:41:16.363Z,2026-06-13T17:41:16.363Z,0.00,0.00,0.00,0.00,,,,"[]"
ddf68436-1d00-4428-b7de-be2e78317516,c0000000-0000-0000-0000-000000000001,item,11,,Pekerjaan Lantai R. Tidur Driver & Gudang,m²,16.190,385050.00,6233959.50,0.0000,15.00,192,2026-06-13T17:41:16.363Z,2026-06-13T17:41:16.363Z,0.00,0.00,0.00,0.00,,,,"[]"
e05c927c-2fad-4266-919e-207cc46d5d66,c0000000-0000-0000-0000-000000000001,item,16,,Pekerjaan Dinding Kamar Mandi Utama Lt. Atas,m²,21.140,421080.00,8901631.20,0.0000,15.00,197,2026-06-13T17:41:16.363Z,2026-06-13T17:41:16.363Z,0.00,0.00,0.00,0.00,,,,"[]"
9e257b51-08a1-415e-9771-61746f514f1b,c0000000-0000-0000-0000-000000000001,item,1,464d0442-bf50-4f2c-bd51-4168a33df5a8,Pengecatan Exterior Tampak Depan,m²,107.880,60000.00,6472800.00,0.0000,5.00,208,2026-06-13T17:41:16.363Z,2026-06-13T17:41:16.363Z,45.00,50.00,0.00,5.00,,,,"[]"
011f9125-7c42-4e19-9634-a0d735e3a174,c0000000-0000-0000-0000-000000000001,item,2,0df4a5a3-fc20-4472-9f53-01f6eb89ee62,Instalasi Air Bersih VXS 20 mm,m',98.200,69190.00,6794458.00,0.0000,55.00,231,2026-06-13T17:41:16.363Z,2026-06-13T17:41:16.363Z,0.00,0.00,0.00,0.00,,,,"[]"
1ce18c36-cbb5-4253-ad41-07dcb39b7306,c0000000-0000-0000-0000-000000000001,item,5,9fe54697-4804-4cf1-9ca8-384f970a0410,Bak kontrol tertutup uk. 45 x 45 cm,bh,5.000,636110.00,3180550.00,0.0000,10.00,238,2026-06-13T17:41:16.363Z,2026-06-13T17:41:16.363Z,0.00,0.00,0.00,0.00,,,,"[]"
23ccc805-6797-4c31-86ae-1cb9e54e6399,c0000000-0000-0000-0000-000000000001,item,3,e1949e15-f733-4af9-9bbe-1a1918c30719,Waterproofing Dinding KM (3 lapis),m²,25.125,110000.00,2763750.00,0.0000,10.00,264,2026-06-13T17:41:16.363Z,2026-06-13T17:41:16.363Z,40.00,55.00,0.00,5.00,,,,"[]"
19f2238c-7124-4569-975a-da422d641c6e,c0000000-0000-0000-0000-000000000001,category,III,,PEKERJAAN BETON,,,,391143628.70,30.0269,100.00,21,2026-06-13T17:41:16.246Z,2026-06-13T17:41:16.246Z,0.00,0.00,0.00,0.00,2026-02-24T17:00:00.000Z,2026-04-19T17:00:00.000Z,"[""d4a343ef-7faf-4bdc-8c26-2af12e7f1404""]","[]"
703de87e-70c6-4df4-8604-fedd4bf8d0c0,c0000000-0000-0000-0000-000000000002,item,3,b8c7db12-283a-4dc5-8958-b6329f485e36,Air Kerja,ls,1.000,10000000.00,10000000.00,0.0000,0.00,3,2026-06-15T19:25:18.256Z,2026-06-15T19:25:18.256Z,0.00,0.00,0.00,0.00,,,,"[]"
7f57800a-db45-423f-a93a-9d4f2980ae89,c0000000-0000-0000-0000-000000000002,item,4,b8c7db12-283a-4dc5-8958-b6329f485e36,Listrik kerja,ls,1.000,12000000.00,12000000.00,0.0000,0.00,4,2026-06-15T19:25:18.256Z,2026-06-15T19:25:18.256Z,0.00,0.00,0.00,0.00,,,,"[]"
d6ec8e16-ffbc-4a4f-a8f2-10c777d70fc9,c0000000-0000-0000-0000-000000000002,item,7,b8c7db12-283a-4dc5-8958-b6329f485e36,Kebersihan lokasi (dari mulai pekerjaan s/d akhir),ls,1.000,5000000.00,5000000.00,0.0000,0.00,5,2026-06-15T19:25:18.256Z,2026-06-15T19:25:18.256Z,0.00,0.00,0.00,0.00,,,,"[]"
2f90d0c4-8f98-4dd9-908a-64736b700c4e,c0000000-0000-0000-0000-000000000002,item,1,feff4111-e4e5-4fa3-8a03-cde59bfba872,Pengeboran Tanah Bored Pile Æ 300 (h = 6 meter),Ttk,36.000,1200000.00,43200000.00,0.0000,0.00,7,2026-06-15T19:25:18.256Z,2026-06-15T19:25:18.256Z,0.00,0.00,0.00,0.00,,,,"[]"
0d1b0bf2-3a00-4285-9ad1-e886f4df7867,c0000000-0000-0000-0000-000000000002,item,2,feff4111-e4e5-4fa3-8a03-cde59bfba872,Galian Tanah Pondasi,m³,126.720,127190.00,16117516.80,0.0000,0.00,8,2026-06-15T19:25:18.256Z,2026-06-15T19:25:18.256Z,0.00,0.00,0.00,0.00,,,,"[]"
2b3c08a6-a1b7-4951-98eb-b6b38826a5d6,c0000000-0000-0000-0000-000000000002,item,3,feff4111-e4e5-4fa3-8a03-cde59bfba872,Galian Tanah Foot Plat,m³,43.200,140020.00,6048864.00,0.0000,0.00,9,2026-06-15T19:25:18.256Z,2026-06-15T19:25:18.256Z,0.00,0.00,0.00,0.00,,,,"[]"
b277d961-2985-440f-8fab-15535a23e138,c0000000-0000-0000-0000-000000000002,item,4,feff4111-e4e5-4fa3-8a03-cde59bfba872,Urugan Tanah Kembali,m³,396.000,70180.00,27791280.00,0.0000,0.00,10,2026-06-15T19:25:18.256Z,2026-06-15T19:25:18.256Z,0.00,0.00,0.00,0.00,,,,"[]"
c8797a1a-c3fa-4c6b-b772-26ea3e889679,c0000000-0000-0000-0000-000000000002,item,5,feff4111-e4e5-4fa3-8a03-cde59bfba872,Urugan Sirtu,m³,297.000,206000.00,61182000.00,0.0000,0.00,11,2026-06-15T19:25:18.256Z,2026-06-15T19:25:18.256Z,0.00,0.00,0.00,0.00,,,,"[]"
4ebe1f52-dc7f-4388-bd6e-f3b78585512c,c0000000-0000-0000-0000-000000000002,item,1,84138fc3-d91e-4505-a7f7-2aaa9caa5996,Bored Pile Æ 300 (0.3 x 6 m D13-150),m³,15.260,5083500.00,77576243.40,0.0000,0.00,14,2026-06-15T19:25:18.256Z,2026-06-15T19:25:18.256Z,0.00,0.00,0.00,0.00,,,,"[]"
5aca0234-328e-424e-a4de-db29d73e6a0d,c0000000-0000-0000-0000-000000000002,item,,1193b7fd-0bf8-46a6-b3a9-8c403eebbfac,Pondasi Beton K250,m³,18.000,5985600.00,107740800.00,0.0000,0.00,16,2026-06-15T19:25:18.256Z,2026-06-15T19:25:18.256Z,0.00,0.00,0.00,0.00,,,,"[]"
761d94c2-ded5-408a-9c71-fb25137035da,c0000000-0000-0000-0000-000000000002,item,,1193b7fd-0bf8-46a6-b3a9-8c403eebbfac,Urugan Pasir,m³,5.400,295630.00,1596402.00,0.0000,0.00,17,2026-06-15T19:25:18.256Z,2026-06-15T19:25:18.256Z,0.00,0.00,0.00,0.00,,,,"[]"
f631a56b-ccf1-4bba-b042-474fc9d10655,c0000000-0000-0000-0000-000000000002,item,1,718e9055-d270-4459-8a06-4fec2b8eef76,Sloof P1 (0.2 x 0.3 6D13 Ø8-150/200 0.06),m³,7.200,6298500.00,45349200.00,0.0000,0.00,19,2026-06-15T19:25:18.256Z,2026-06-15T19:25:18.256Z,0.00,0.00,0.00,0.00,,,,"[]"
44ecc660-2e9f-415e-bb6d-21c1f76a4d04,c0000000-0000-0000-0000-000000000002,item,2,718e9055-d270-4459-8a06-4fec2b8eef76,Sloof P2 (0.25 x 0.35 8D13 Ø8-100/150 0.0875),m³,19.250,5078500.00,97761125.00,0.0000,0.00,20,2026-06-15T19:25:18.256Z,2026-06-15T19:25:18.256Z,0.00,0.00,0.00,0.00,,,,"[]"
b14a7189-5955-4e58-8f61-7774359e1666,c0000000-0000-0000-0000-000000000002,item,1,7b052425-3521-4e87-ae66-fe72137d28d9,Pedestal (0.5 x 0.5 12D13 Ø8 - 100/200 0.375),m³,13.500,6980800.00,94240800.00,0.0000,0.00,22,2026-06-15T19:25:18.256Z,2026-06-15T19:25:18.256Z,0.00,0.00,0.00,0.00,,,,"[]"
643a70a6-e6bf-45d2-9b83-4070d0c74b3b,c0000000-0000-0000-0000-000000000002,item,2,7b052425-3521-4e87-ae66-fe72137d28d9,Kolom (KP 0.15 x 0.17 4D10 Ø6 - 100/200),kg,2.754,6928800.00,19081915.20,0.0000,0.00,23,2026-06-15T19:25:18.256Z,2026-06-15T19:25:18.256Z,0.00,0.00,0.00,0.00,,,,"[]"
b370c110-fd6d-4ab5-b44e-df706004b745,c0000000-0000-0000-0000-000000000002,item,3,7b052425-3521-4e87-ae66-fe72137d28d9,Balok (RB1 0.15 x 0.2 4D10 Ø8 - 150/200 0.03),kg,5.760,5421400.00,31227264.00,0.0000,0.00,24,2026-06-15T19:25:18.256Z,2026-06-15T19:25:18.256Z,0.00,0.00,0.00,0.00,,,,"[]"
67f3a27d-1156-45e5-9a72-b81fb8a90fc9,c0000000-0000-0000-0000-000000000002,item,1,d1588ab6-6e68-4d8c-ab2b-68712a049318,Plat Lantai Beton tebal 10 cm Lt Dasar (K-250),m³,198.000,2925496.00,579248208.00,0.0000,0.00,26,2026-06-15T19:25:18.256Z,2026-06-15T19:25:18.256Z,0.00,0.00,0.00,0.00,,,,"[]"
d3f72c94-3223-44a9-b7c0-51072e31a4aa,c0000000-0000-0000-0000-000000000002,item,2,d1588ab6-6e68-4d8c-ab2b-68712a049318,Plat Lantai Beton tebal 12 cm Lt.1 (K-250),m³,17.280,5664400.00,97880832.00,0.0000,0.00,27,2026-06-15T19:25:18.256Z,2026-06-15T19:25:18.256Z,0.00,0.00,0.00,0.00,,,,"[]"
4f246e3a-2911-4628-b36d-a39b1be085d0,c0000000-0000-0000-0000-000000000002,item,1,845361d1-feeb-4332-9ef7-8e5318860bc2,Tiang (WF 350 t= 6 m 595 kg/12m 20 btg),kg,11900.000,29832.00,355000800.00,0.0000,0.00,29,2026-06-15T19:25:18.256Z,2026-06-15T19:25:18.256Z,0.00,0.00,0.00,0.00,,,,"[]"
d6e85706-51cd-4760-ba41-007f4d79a3b3,c0000000-0000-0000-0000-000000000002,item,2,845361d1-feeb-4332-9ef7-8e5318860bc2,Kuda kuda (WF 300 440 kg/12m 36 btg),kg,15840.000,29832.00,472538880.00,0.0000,0.00,30,2026-06-15T19:25:18.256Z,2026-06-15T19:25:18.256Z,0.00,0.00,0.00,0.00,,,,"[]"
adcc340b-bc83-4a54-aa5e-159d37f525df,c0000000-0000-0000-0000-000000000002,item,3,845361d1-feeb-4332-9ef7-8e5318860bc2,Balok (WF 250 355 kg/12m 8 btg),kg,2840.000,28932.00,82166880.00,0.0000,0.00,31,2026-06-15T19:25:18.256Z,2026-06-15T19:25:18.256Z,0.00,0.00,0.00,0.00,,,,"[]"
65d2f25e-da2a-4f13-bc6c-c0ea2761a791,c0000000-0000-0000-0000-000000000002,item,4,845361d1-feeb-4332-9ef7-8e5318860bc2,Balok Anak (WF 200 256 kg/12m 5 btg),kg,1280.000,28232.00,36136960.00,0.0000,0.00,32,2026-06-15T19:25:18.256Z,2026-06-15T19:25:18.256Z,0.00,0.00,0.00,0.00,,,,"[]"
b5dbc88e-14a3-4e3b-b0bc-76af33f877ab,c0000000-0000-0000-0000-000000000002,item,5,845361d1-feeb-4332-9ef7-8e5318860bc2,Ampig (Canal C 150 2.3 mm 29.8 kg/6m 44 btg),kg,1311.200,30170.00,39558904.00,0.0000,0.00,33,2026-06-15T19:25:18.256Z,2026-06-15T19:25:18.256Z,0.00,0.00,0.00,0.00,,,,"[]"
b7f71689-f6b5-479b-b762-6901a8bcc7a5,c0000000-0000-0000-0000-000000000002,item,6,845361d1-feeb-4332-9ef7-8e5318860bc2,Gordeng (Canal C 125 2 mm 29.8 kg/6m 416 btg),kg,12396.800,30170.00,374011456.00,0.0000,0.00,34,2026-06-15T19:25:18.256Z,2026-06-15T19:25:18.256Z,0.00,0.00,0.00,0.00,,,,"[]"
48fe2127-0745-48c9-847f-23c74489f485,c0000000-0000-0000-0000-000000000002,item,7,845361d1-feeb-4332-9ef7-8e5318860bc2,Base Plat dan Plat couple (plat Esser) (10 mm 233.3 kg/lbr 7 lbr),kg,1633.100,24010.00,39210731.00,0.0000,0.00,35,2026-06-15T19:25:18.256Z,2026-06-15T19:25:18.256Z,0.00,0.00,0.00,0.00,,,,"[]"
d377ff3b-7a78-4d76-aba8-6f70714c893b,c0000000-0000-0000-0000-000000000002,item,8,845361d1-feeb-4332-9ef7-8e5318860bc2,Angkur 3/4 (22 mm),bh,216.000,75000.00,16200000.00,0.0000,0.00,36,2026-06-15T19:25:18.256Z,2026-06-15T19:25:18.256Z,0.00,0.00,0.00,0.00,,,,"[]"
59c4a083-e18d-477a-b3ed-6226aaa78ae4,c0000000-0000-0000-0000-000000000002,item,9,845361d1-feeb-4332-9ef7-8e5318860bc2,Trackstang (12 mm),bh,704.000,26740.00,18824960.00,0.0000,0.00,37,2026-06-15T19:25:18.256Z,2026-06-15T19:25:18.256Z,0.00,0.00,0.00,0.00,,,,"[]"
8ff2922b-064d-4af3-a85f-488195bb00d4,c0000000-0000-0000-0000-000000000002,item,10,845361d1-feeb-4332-9ef7-8e5318860bc2,spanscrup (12 mm),bh,20.000,260740.00,5214800.00,0.0000,0.00,38,2026-06-15T19:25:18.256Z,2026-06-15T19:25:18.256Z,0.00,0.00,0.00,0.00,,,,"[]"
afe72a89-a01c-49af-ae28-75da0192e44c,c0000000-0000-0000-0000-000000000002,item,11,845361d1-feeb-4332-9ef7-8e5318860bc2,Mur Baud Baja (3/4 mm),bh,1184.000,15800.00,18707200.00,0.0000,0.00,39,2026-06-15T19:25:18.256Z,2026-06-15T19:25:18.256Z,0.00,0.00,0.00,0.00,,,,"[]"
da1bd614-0ee1-43da-9526-d5c8871ecacc,c0000000-0000-0000-0000-000000000002,item,12,845361d1-feeb-4332-9ef7-8e5318860bc2,Atap Spandek (0.4 mm),m²,2176.000,85000.00,184960000.00,0.0000,0.00,40,2026-06-15T19:25:18.256Z,2026-06-15T19:25:18.256Z,0.00,0.00,0.00,0.00,,,,"[]"
ce2e9ffd-c2d0-4923-99be-39ee49fc5e99,c0000000-0000-0000-0000-000000000002,item,1,c4e976ad-9ed2-443b-ad69-c1a0b16d53af,Pasangan Batu Kali (1.3x0.5x50),m³,32.500,1070700.00,34797750.00,0.0000,0.00,43,2026-06-15T19:25:18.256Z,2026-06-15T19:25:18.256Z,0.00,0.00,0.00,0.00,,,,"[]"
c6a4f4f2-b3fe-4d07-a6eb-19047b1588d8,c0000000-0000-0000-0000-000000000002,item,2,c4e976ad-9ed2-443b-ad69-c1a0b16d53af,Lantai Kerja,m³,2.152,1075170.00,2314195.91,0.0000,0.00,44,2026-06-15T19:25:18.256Z,2026-06-15T19:25:18.256Z,0.00,0.00,0.00,0.00,,,,"[]"
a40fc5ef-27f3-4882-8c51-9ab11e1b2f17,c0000000-0000-0000-0000-000000000002,item,1,dfb5aab6-bffb-4c9b-b607-bac2ee6799cb,Pasangan Dinding 1/2 Bata Transram 1pc : 3ps (bata merah lokal + material lokal),m²,57.600,299540.00,17253504.00,0.0000,0.00,46,2026-06-15T19:25:18.256Z,2026-06-15T19:25:18.256Z,0.00,0.00,0.00,0.00,,,,"[]"
3da9d2d0-a0f0-4648-820a-6339e5cd2b6e,c0000000-0000-0000-0000-000000000002,item,2,dfb5aab6-bffb-4c9b-b607-bac2ee6799cb,Pasangan Dinding 1/2 Bata 1pc : 5ps (bata merah lokal + material lokal),m²,518.400,144780.00,75053952.00,0.0000,0.00,47,2026-06-15T19:25:18.256Z,2026-06-15T19:25:18.256Z,0.00,0.00,0.00,0.00,,,,"[]"
77958c42-e982-4002-8fdb-8eec7dae5103,c0000000-0000-0000-0000-000000000002,item,3,dfb5aab6-bffb-4c9b-b607-bac2ee6799cb,Plesteran Dinding Trasram 1pc : 3ps (Konvensional),m²,115.200,94000.00,10828800.00,0.0000,0.00,48,2026-06-15T19:25:18.256Z,2026-06-15T19:25:18.256Z,0.00,0.00,0.00,0.00,,,,"[]"
5180b55c-16a4-4bc8-9461-e14ef9e39220,c0000000-0000-0000-0000-000000000002,item,4,dfb5aab6-bffb-4c9b-b607-bac2ee6799cb,Plesteran Dinding 1pc : 5ps (Konvensional),m²,1036.800,83750.00,86832000.00,0.0000,0.00,49,2026-06-15T19:25:18.256Z,2026-06-15T19:25:18.256Z,0.00,0.00,0.00,0.00,,,,"[]"
fda4a17f-eb92-4f4b-b71d-04eb0c7d1c07,c0000000-0000-0000-0000-000000000002,item,5,dfb5aab6-bffb-4c9b-b607-bac2ee6799cb,Acian (Konvensional),m²,1036.800,48190.00,49963392.00,0.0000,0.00,50,2026-06-15T19:25:18.256Z,2026-06-15T19:25:18.256Z,0.00,0.00,0.00,0.00,,,,"[]"
490f333b-112a-4314-a6e2-f47529944a04,c0000000-0000-0000-0000-000000000002,item,6,dfb5aab6-bffb-4c9b-b607-bac2ee6799cb,Finishing,m',160.000,89800.00,14368000.00,0.0000,0.00,51,2026-06-15T19:25:18.256Z,2026-06-15T19:25:18.256Z,0.00,0.00,0.00,0.00,,,,"[]"
708d5273-e69d-4b0f-b216-5895fb656d19,c0000000-0000-0000-0000-000000000002,item,1,33728318-c548-4859-ad98-6d964cc2142f,"Profil +3,15, +3,55, +7,16, +7,66",m',0.000,,,0.0000,0.00,53,2026-06-15T19:25:18.256Z,2026-06-15T19:25:18.256Z,0.00,0.00,0.00,0.00,,,,"[]"
93807af7-1959-4e5a-8423-2c4a155db76c,c0000000-0000-0000-0000-000000000002,item,2,33728318-c548-4859-ad98-6d964cc2142f,Profilan pintu dan jendela lebar 15 cm,m',0.000,,,0.0000,0.00,54,2026-06-15T19:25:18.256Z,2026-06-15T19:25:18.256Z,0.00,0.00,0.00,0.00,,,,"[]"
3ff788e7-00c8-469c-8b39-ef607a43e426,c0000000-0000-0000-0000-000000000002,item,1,b8c7db12-283a-4dc5-8958-b6329f485e36,Pasang papan bouwplank,m',192.000,72290.00,13879680.00,0.0000,0.00,1,2026-06-15T19:25:18.256Z,2026-06-16T06:02:47.387Z,0.00,0.00,0.00,0.00,2026-01-31T17:00:00.000Z,2026-02-27T17:00:00.000Z,,"[]"
0402a3ef-59f4-4aa0-b794-399a19bd4130,c0000000-0000-0000-0000-000000000002,item,1,99b30144-96b5-442e-a4ee-3fc94376d455,Pengecatan Exterior,m²,576.000,45000.00,25920000.00,0.0000,0.00,56,2026-06-15T19:25:18.256Z,2026-06-15T19:25:18.256Z,0.00,0.00,0.00,0.00,,,,"[]"
74b7cc9a-3f3d-45f7-87c8-01ef5b6aa623,c0000000-0000-0000-0000-000000000002,item,3,99b30144-96b5-442e-a4ee-3fc94376d455,Pengecatan Tembok Interior,m²,576.000,30000.00,17280000.00,0.0000,0.00,57,2026-06-15T19:25:18.256Z,2026-06-15T19:25:18.256Z,0.00,0.00,0.00,0.00,,,,"[]"
bdd00cb2-8e7d-4123-ba2a-4321b7baf296,c0000000-0000-0000-0000-000000000002,item,5,99b30144-96b5-442e-a4ee-3fc94376d455,Pengecatan Baja,m²,1980.000,17500.00,34650000.00,0.0000,0.00,58,2026-06-15T19:25:18.256Z,2026-06-15T19:25:18.256Z,0.00,0.00,0.00,0.00,,,,"[]"
354d390f-9e32-418e-b908-21d2d7abf783,c0000000-0000-0000-0000-000000000002,item,1,af24ea89-9df5-43b1-92a1-16b3804151b9,Instalasi Air Bersih VXS 16 mm (Ex. Rucika),m',,51650.00,,0.0000,0.00,61,2026-06-15T19:25:18.256Z,2026-06-15T19:25:18.256Z,0.00,0.00,0.00,0.00,,,,"[]"
ef08f942-dbbb-4243-9268-e60b92f661f3,c0000000-0000-0000-0000-000000000002,item,2,af24ea89-9df5-43b1-92a1-16b3804151b9,Instalasi Air Bersih VXS 20 mm (Ex. Rucika),m',,62460.00,,0.0000,0.00,62,2026-06-15T19:25:18.256Z,2026-06-15T19:25:18.256Z,0.00,0.00,0.00,0.00,,,,"[]"
954e8880-7442-4320-a7b6-a5e8ec9fd51d,c0000000-0000-0000-0000-000000000002,item,3,af24ea89-9df5-43b1-92a1-16b3804151b9,Instalasi Air Bersih VXS 25 mm (Ex. Rucika),m',,93150.00,,0.0000,0.00,63,2026-06-15T19:25:18.256Z,2026-06-15T19:25:18.256Z,0.00,0.00,0.00,0.00,,,,"[]"
dac92338-7643-4342-b622-12f5b81d2e05,c0000000-0000-0000-0000-000000000002,item,1,2537265d-5ad6-450b-b879-a7533df7b403,"Instalasi Pipa Air Kotor type D Ø 4"" (Ex. Rucika)",m',,130320.00,,0.0000,0.00,65,2026-06-15T19:25:18.256Z,2026-06-15T19:25:18.256Z,0.00,0.00,0.00,0.00,,,,"[]"
ccab24a2-b4d0-43c8-b2aa-babf36da26eb,c0000000-0000-0000-0000-000000000002,item,2,2537265d-5ad6-450b-b879-a7533df7b403,"Instalasi Pipa Air Bekas type D Ø 3"" (Ex. Rucika)",m',,93150.00,,0.0000,0.00,66,2026-06-15T19:25:18.256Z,2026-06-15T19:25:18.256Z,0.00,0.00,0.00,0.00,,,,"[]"
9de4f723-ba64-402f-8514-870647b9cacc,c0000000-0000-0000-0000-000000000002,item,3,2537265d-5ad6-450b-b879-a7533df7b403,"Instalasi Pipa Air Hujan type D Ø 2,5"" (Ex. Rucika)",m',,62460.00,,0.0000,0.00,67,2026-06-15T19:25:18.256Z,2026-06-15T19:25:18.256Z,0.00,0.00,0.00,0.00,,,,"[]"
372a18cb-5c1f-41eb-ab9d-5755a8178692,c0000000-0000-0000-0000-000000000002,item,4,2537265d-5ad6-450b-b879-a7533df7b403,"Roof Drain metal  D Ø 3"" (Ex. Lokal)",bh,,93150.00,,0.0000,0.00,68,2026-06-15T19:25:18.256Z,2026-06-15T19:25:18.256Z,0.00,0.00,0.00,0.00,,,,"[]"
e20a8cca-cf34-40b3-a295-ba88b56e661e,c0000000-0000-0000-0000-000000000002,item,5,2537265d-5ad6-450b-b879-a7533df7b403,Bak kontrol tertutup uk. 45 x 45 cm,bh,,574140.00,,0.0000,0.00,69,2026-06-15T19:25:18.256Z,2026-06-15T19:25:18.256Z,0.00,0.00,0.00,0.00,,,,"[]"
5d026945-a8d0-498a-b9b9-93d5c2a4cfa6,c0000000-0000-0000-0000-000000000002,item,6,2537265d-5ad6-450b-b879-a7533df7b403,Bak kontrol terbuka uk. 45 x 45 cm,bh,,,,0.0000,0.00,70,2026-06-15T19:25:18.256Z,2026-06-15T19:25:18.256Z,0.00,0.00,0.00,0.00,,,,"[]"
2180edf5-853e-47df-a9ff-93cab1af34dc,c0000000-0000-0000-0000-000000000002,item,1,f4a0f6ed-feef-477c-96aa-abbbca981519,FloorHardener (Ex. Sika Chapdur),m²,1980.000,67500.00,133650000.00,0.0000,0.00,72,2026-06-15T19:25:18.256Z,2026-06-15T19:25:18.256Z,0.00,0.00,0.00,0.00,,,,"[]"
05c13530-0e99-40c4-9180-bc95653e52a4,c0000000-0000-0000-0000-000000000002,item,2,f4a0f6ed-feef-477c-96aa-abbbca981519,Septictank ( Biotec  Kap : 2  m³ ) (Ex. Pancawira),Unit,1.000,7500000.00,7500000.00,0.0000,0.00,73,2026-06-15T19:25:18.256Z,2026-06-15T19:25:18.256Z,0.00,0.00,0.00,0.00,,,,"[]"
59d7aa8d-04af-41ab-94b8-a381db78bcf7,c0000000-0000-0000-0000-000000000002,item,3,f4a0f6ed-feef-477c-96aa-abbbca981519,Tangga Besi,Unit,1.000,8625000.00,8625000.00,0.0000,0.00,74,2026-06-15T19:25:18.256Z,2026-06-15T19:25:18.256Z,0.00,0.00,0.00,0.00,,,,"[]"
380b6fd0-da94-4bef-926a-a83b92441e96,c0000000-0000-0000-0000-000000000002,item,4,f4a0f6ed-feef-477c-96aa-abbbca981519,Railing Tangga 1,m',6.000,550000.00,3300000.00,0.0000,0.00,75,2026-06-15T19:25:18.256Z,2026-06-15T19:25:18.256Z,0.00,0.00,0.00,0.00,,,,"[]"
d5022134-7361-43fc-ac1b-3f4335ae8527,c0000000-0000-0000-0000-000000000002,item,5,f4a0f6ed-feef-477c-96aa-abbbca981519,Railing Dak,,36.000,550000.00,19800000.00,0.0000,0.00,76,2026-06-15T19:25:18.256Z,2026-06-15T19:25:18.256Z,0.00,0.00,0.00,0.00,,,,"[]"
d73cc15b-dc0a-47d8-be7e-07817fc36996,c0000000-0000-0000-0000-000000000002,item,6,f4a0f6ed-feef-477c-96aa-abbbca981519,Lift Barang,Unit,1.000,15000000.00,15000000.00,0.0000,0.00,77,2026-06-15T19:25:18.256Z,2026-06-15T19:25:18.256Z,0.00,0.00,0.00,0.00,,,,"[]"
3432e922-b67f-4f7c-8387-ecc7ce76366d,c0000000-0000-0000-0000-000000000002,item,7,f4a0f6ed-feef-477c-96aa-abbbca981519,Hoist 5 Ton,unit,1.000,,,0.0000,0.00,78,2026-06-15T19:25:18.256Z,2026-06-15T19:25:18.256Z,0.00,0.00,0.00,0.00,,,,"[]"
285867b7-5b4e-49a3-83a4-e85f327c6ca4,c0000000-0000-0000-0000-000000000002,item,8,f4a0f6ed-feef-477c-96aa-abbbca981519,SaftyTank,unit,1.000,7500000.00,7500000.00,0.0000,0.00,79,2026-06-15T19:25:18.256Z,2026-06-15T19:25:18.256Z,0.00,0.00,0.00,0.00,,,,"[]"
aef425d4-0355-45c4-a21f-39ea11cd84d8,c0000000-0000-0000-0000-000000000002,item,9,f4a0f6ed-feef-477c-96aa-abbbca981519,Pompa Air (Ex. SHIMIZU-PC-260-BIT),Unit,1.000,3200000.00,3200000.00,0.0000,0.00,80,2026-06-15T19:25:18.256Z,2026-06-15T19:25:18.256Z,0.00,0.00,0.00,0.00,,,,"[]"
39f25ba5-7b9a-498a-989c-f06fd1020b48,c0000000-0000-0000-0000-000000000002,item,10,f4a0f6ed-feef-477c-96aa-abbbca981519,Pompa dorong,,1.000,2250000.00,2250000.00,0.0000,0.00,81,2026-06-15T19:25:18.256Z,2026-06-15T19:25:18.256Z,0.00,0.00,0.00,0.00,,,,"[]"
ea7252bd-c4fb-46db-aa98-06f75384495c,c0000000-0000-0000-0000-000000000002,item,11,f4a0f6ed-feef-477c-96aa-abbbca981519,Sumur Bor,m,60.000,500000.00,30000000.00,0.0000,0.00,82,2026-06-15T19:25:18.256Z,2026-06-15T19:25:18.256Z,0.00,0.00,0.00,0.00,,,,"[]"
575f623a-41ee-4f7d-b10d-822cab314ba6,c0000000-0000-0000-0000-000000000002,item,12,f4a0f6ed-feef-477c-96aa-abbbca981519,"Gerbang Gudang (L.4, tinggi 3 m)",Unit,3.000,9600000.00,28800000.00,0.0000,0.00,83,2026-06-15T19:25:18.256Z,2026-06-15T19:25:18.256Z,0.00,0.00,0.00,0.00,,,,"[]"
e8ed1788-c991-48d5-9a4c-95bfce188faa,c0000000-0000-0000-0000-000000000002,item,13,f4a0f6ed-feef-477c-96aa-abbbca981519,Gerbang Utama (L 6 Tinggi 2.4),Unit,1.000,11520000.00,11520000.00,0.0000,0.00,84,2026-06-15T19:25:18.256Z,2026-06-15T19:25:18.256Z,0.00,0.00,0.00,0.00,,,,"[]"
78db6bc7-2cec-4641-995e-ad3d0f9b9012,c0000000-0000-0000-0000-000000000002,item,1,aa628055-ca1c-478f-9d31-0c9b5c1bb19a,Helm Safety,bh,0.000,0.00,,0.0000,0.00,86,2026-06-15T19:25:18.256Z,2026-06-15T19:25:18.256Z,0.00,0.00,0.00,0.00,,,,"[]"
6da241a3-365a-4b61-96ae-68b1f0a292ac,c0000000-0000-0000-0000-000000000002,item,2,aa628055-ca1c-478f-9d31-0c9b5c1bb19a,Sepatu boot,bh,0.000,0.00,,0.0000,0.00,87,2026-06-15T19:25:18.256Z,2026-06-15T19:25:18.256Z,0.00,0.00,0.00,0.00,,,,"[]"
7161a7da-7b94-4eb1-8ca7-ad34d7bbce0d,c0000000-0000-0000-0000-000000000002,item,2,b8c7db12-283a-4dc5-8958-b6329f485e36,Pagar Proyek,m²,,483210.00,,0.0000,0.00,2,2026-06-15T19:25:18.256Z,2026-06-16T06:02:48.109Z,0.00,0.00,0.00,0.00,,,"[]","[]"
6c966c79-0155-43c9-a6f8-91ef6624eb0f,c0000000-0000-0000-0000-000000000001,category,II,,PEKERJAAN BONGKARAN,,,,,0.0000,0.00,6,2026-06-13T17:41:16.246Z,2026-06-13T17:41:16.246Z,0.00,0.00,0.00,0.00,2026-02-04T17:00:00.000Z,2026-02-14T17:00:00.000Z,"[""b6bb3c64-2e9a-43c4-84c7-ed5e6e1e5348""]","[]"
77de8738-7375-4738-86a6-c119758e8302,c0000000-0000-0000-0000-000000000001,category,XI,,PEKERJAAN PLUMBING SYSTEM,,,,34531521.70,2.6509,0.00,228,2026-06-13T17:41:16.246Z,2026-06-13T17:41:16.246Z,0.00,0.00,0.00,0.00,2026-02-28T17:00:00.000Z,2026-05-31T17:00:00.000Z,"[""d4a343ef-7faf-4bdc-8c26-2af12e7f1404""]","[]"
10b68957-370b-474c-bcd4-1a5d0fce4c21,c0000000-0000-0000-0000-000000000001,item,1,ab6ba002-694f-4cf7-9233-9bad87f9892c,P1,unit,1.000,7987175.00,7987175.00,0.0000,40.00,144,2026-06-13T17:41:16.363Z,2026-06-13T17:41:16.363Z,70.00,25.00,0.00,5.00,,,,"[]"
088bdf6a-5305-4b91-9201-ac713daae04a,c0000000-0000-0000-0000-000000000001,item,2,ab6ba002-694f-4cf7-9233-9bad87f9892c,P7,unit,1.000,8228800.00,8228800.00,0.0000,35.00,146,2026-06-13T17:41:16.363Z,2026-06-13T17:41:16.363Z,70.00,25.00,0.00,5.00,,,,"[]"
b95ea815-e70a-464e-9b89-fdbb6b0414a2,c0000000-0000-0000-0000-000000000001,item,7,ab6ba002-694f-4cf7-9233-9bad87f9892c,P6,unit,1.000,6890495.00,6890495.00,0.0000,35.00,151,2026-06-13T17:41:16.363Z,2026-06-13T17:41:16.363Z,70.00,25.00,0.00,5.00,,,,"[]"
add23d4d-7a35-4be8-a989-f1b333c521be,c0000000-0000-0000-0000-000000000001,item,13,ab6ba002-694f-4cf7-9233-9bad87f9892c,BV1,unit,1.000,977040.00,977040.00,0.0000,35.00,159,2026-06-13T17:41:16.363Z,2026-06-13T17:41:16.363Z,70.00,25.00,0.00,5.00,,,,"[]"
2ee11601-1da4-43c4-83b8-f7a00a5cd55c,c0000000-0000-0000-0000-000000000001,item,1,b6bb3c64-2e9a-43c4-84c7-ed5e6e1e5348,Pasang papan bouwplank,m',52.500,100000.00,5250000.00,0.0000,100.00,1,2026-06-13T17:41:16.363Z,2026-06-13T17:41:16.363Z,30.00,50.00,15.00,5.00,,,,"[]"
2049d7f0-8833-4e42-be6e-d2efddfca4bb,c0000000-0000-0000-0000-000000000001,item,4,b6bb3c64-2e9a-43c4-84c7-ed5e6e1e5348,Listrik kerja,ls,1.000,1200000.00,1200000.00,0.0000,100.00,4,2026-06-13T17:41:16.363Z,2026-06-13T17:41:16.363Z,30.00,50.00,15.00,5.00,,,,"[]"
d5d9413a-8614-4e10-b956-299f23876475,c0000000-0000-0000-0000-000000000001,item,5,b6bb3c64-2e9a-43c4-84c7-ed5e6e1e5348,Kebersihan lokasi (dari mulai pekerjaan s/d akhir),ls,1.000,2000000.00,2000000.00,0.0000,100.00,5,2026-06-13T17:41:16.363Z,2026-06-13T17:41:16.363Z,30.00,50.00,15.00,5.00,,,,"[]"
e92650b3-768f-4296-8d4a-1cb5e6dda160,c0000000-0000-0000-0000-000000000001,item,5,19f2238c-7124-4569-975a-da422d641c6e,Urugan Tanah Kembali,m³,21.562,72730.00,1568167.90,0.0000,100.00,19,2026-06-13T17:41:16.363Z,2026-06-13T17:41:16.363Z,55.00,35.00,5.00,5.00,,,,"[]"
84cd0dd3-29e2-4238-851b-63a813a1f1d4,c0000000-0000-0000-0000-000000000001,item,2,1e975e4c-ddad-4cf6-a229-cf801889f75b,"Rangka kanopi hollow 40/80, 40/60, 40/40",m²,42.570,945000.00,40228650.00,0.0000,25.00,172,2026-06-13T17:41:16.363Z,2026-06-13T17:41:16.363Z,65.00,30.00,0.00,5.00,,,,"[]"
3c566d65-bdc8-4b06-bab2-2a4d088f5da5,c0000000-0000-0000-0000-000000000001,item,2,464d0442-bf50-4f2c-bd51-4168a33df5a8,Pengecatan Exterior Samping & Belakang,m²,182.820,53000.00,9689460.00,0.0000,5.00,209,2026-06-13T17:41:16.363Z,2026-06-13T17:41:16.363Z,45.00,50.00,0.00,5.00,,,,"[]"
ed2ba224-142b-49de-9062-2433ec12154a,c0000000-0000-0000-0000-000000000001,item,2,5da7d1dc-fd74-4fab-89ed-b8d2f7393175,Jet Washer,bh,3.000,79000.00,237000.00,0.0000,5.00,215,2026-06-13T17:41:16.363Z,2026-06-13T17:41:16.363Z,75.00,20.00,0.00,5.00,,,,"[]"
883d88cc-cd09-48b5-92fd-086efd89be2d,c0000000-0000-0000-0000-000000000001,item,7,5da7d1dc-fd74-4fab-89ed-b8d2f7393175,Floor drain,bh,5.000,79000.00,395000.00,0.0000,70.00,222,2026-06-13T17:41:16.363Z,2026-06-13T17:41:16.363Z,75.00,20.00,0.00,5.00,,,,"[]"
ab6ba002-694f-4cf7-9233-9bad87f9892c,c0000000-0000-0000-0000-000000000001,category,V,,PEKERJAAN PINTU DAN JENDELA,,,,97236770.00,7.4646,35.41,143,2026-06-13T17:41:16.246Z,2026-06-13T17:41:16.246Z,0.00,0.00,0.00,0.00,2026-04-19T17:00:00.000Z,2026-06-09T17:00:00.000Z,"[""e28f3ea0-85a6-40eb-9fb3-62c0673e2dc9""]","[]"
5da7d1dc-fd74-4fab-89ed-b8d2f7393175,c0000000-0000-0000-0000-000000000001,category,X,,PEKERJAAN SANITARY,,,,6099760.00,0.4683,46.11,213,2026-06-13T17:41:16.246Z,2026-06-13T17:41:16.246Z,0.00,0.00,0.00,0.00,2026-06-14T17:00:00.000Z,2026-07-19T17:00:00.000Z,"[""77de8738-7375-4738-86a6-c119758e8302""]","[]"
d4a343ef-7faf-4bdc-8c26-2af12e7f1404,c0000000-0000-0000-0000-000000000001,category,III,,PEKERJAAN TANAH & PONDASI,,,,21514657.29,1.6516,100.00,13,2026-06-13T17:41:16.246Z,2026-06-16T16:38:40.001Z,0.00,0.00,0.00,0.00,2026-02-14T17:00:00.000Z,2026-03-04T17:00:00.000Z,"[""6c966c79-0155-43c9-a6f8-91ef6624eb0f""]","[]"
