id,project_id,name,purpose,status,created_at,created_by,updated_at,updated_by
69249f77-6aed-464d-8592-d961086a1535,10334980-8d4e-4be5-998a-a09feafad4bb,[TEST] Skenario,,active,2026-07-25T07:55:18.930Z,a0000000-0000-0000-0000-000000000001,2026-07-25T07:55:18.930Z,
bd410d93-c0e4-417b-b2ee-f816a97e594d,f74fc9a8-1f82-4766-8800-2fba8b699bc0,[TEST] Skenario,,active,2026-07-25T07:56:09.447Z,a0000000-0000-0000-0000-000000000001,2026-07-25T07:56:09.447Z,
2fb12254-f10e-4cf6-bb0a-2f9bd0a63236,cfee23f1-8f5a-4039-afd8-990685ce960c,[TEST] Skenario,,active,2026-07-25T07:57:20.921Z,a0000000-0000-0000-0000-000000000001,2026-07-25T07:57:20.921Z,
2d42780d-6f97-4078-9099-5e4dab89c5c4,d0b18129-c9d2-4dfc-b884-19abebf6341c,[TEST] Skenario,,active,2026-07-25T07:58:52.548Z,a0000000-0000-0000-0000-000000000001,2026-07-25T07:58:52.548Z,
4112941d-39e3-438c-a2e1-31170035c9b4,b334bde0-3fa2-4c32-89e8-5d3a72fd2aa8,[TEST] Skenario,,active,2026-07-25T07:59:07.289Z,a0000000-0000-0000-0000-000000000001,2026-07-25T07:59:07.289Z,
dda4a456-847b-482f-a8df-fae31429d350,427737fd-2d06-48a6-a9f7-7cc6610641a6,[TEST] Skenario,,active,2026-07-25T07:59:13.217Z,a0000000-0000-0000-0000-000000000001,2026-07-25T07:59:13.217Z,
7ce62975-3c97-487c-9af5-f71fcf021c03,ca0bb2c4-2c7b-46b0-9a77-96f09c1ba46b,[TEST] Skenario,,active,2026-07-25T07:59:36.939Z,a0000000-0000-0000-0000-000000000001,2026-07-25T07:59:36.939Z,
cc559d80-a5f7-4e94-ba12-c36db816f850,d892dd80-fb7b-4510-ab32-91ea0dd3350b,[TEST] Skenario,,active,2026-07-25T08:03:30.570Z,a0000000-0000-0000-0000-000000000001,2026-07-25T08:03:30.570Z,
29575485-93ad-467e-9c25-ef05244b5633,8700d503-bf36-4fe5-b2cf-38a87d7940dd,[TEST] Skenario,,active,2026-07-25T08:11:14.902Z,a0000000-0000-0000-0000-000000000001,2026-07-25T08:11:14.902Z,
f01aba6f-f000-42ec-9a4e-4935fc1aaee9,f8ce8966-f83a-4be9-8901-7783e923b912,[TEST] Skenario,,active,2026-07-25T08:53:20.051Z,a0000000-0000-0000-0000-000000000001,2026-07-25T08:53:20.051Z,
ac986206-a21c-47c2-b0e4-5b554046c20e,c37474c0-cd04-44e8-b587-eb6c3f6c54bb,[TEST] Skenario,,active,2026-07-25T08:53:37.115Z,a0000000-0000-0000-0000-000000000001,2026-07-25T08:53:37.115Z,
fca9cf9d-a515-49c7-8b9a-9653a36a87ad,a4747201-b988-4fc3-ae53-35834b7328fd,[TEST] Skenario,,active,2026-07-25T08:56:49.138Z,a0000000-0000-0000-0000-000000000001,2026-07-25T08:56:49.138Z,
5e8e5f31-b47f-47b8-b419-acb37e55e2b1,e096721a-c329-46a9-8fe8-8a8d1545078b,[TEST] Skenario,,active,2026-07-25T09:06:23.532Z,a0000000-0000-0000-0000-000000000001,2026-07-25T09:06:23.532Z,
039885df-c701-4427-9713-b7925de01398,b36e5431-6ede-4b8f-929b-a5e4208e7981,[TEST] Skenario,,active,2026-07-25T09:08:18.035Z,a0000000-0000-0000-0000-000000000001,2026-07-25T09:08:18.035Z,
2a410a81-f1bb-4c94-9096-6e99d3e750b5,275cd754-25a8-43b6-8c50-81df680f1e7f,[TEST] Skenario,,active,2026-07-25T09:08:28.471Z,a0000000-0000-0000-0000-000000000001,2026-07-25T09:08:28.471Z,
3042f0c7-3014-4beb-8fe6-e998b3e940f0,2d071372-01df-4b1e-b55c-cc0d4351a3f0,[TEST] Skenario,,active,2026-07-25T09:11:27.983Z,a0000000-0000-0000-0000-000000000001,2026-07-25T09:11:27.983Z,
5711ac1c-b184-4c38-969f-0cdf60f6fb92,6e0bfdf3-1010-4432-ad57-d24097116e0c,[TEST] Skenario,,active,2026-07-25T09:20:21.610Z,a0000000-0000-0000-0000-000000000001,2026-07-25T09:20:21.610Z,
af2fc69b-380f-450d-bb99-19e217e585e6,768fc16e-eed4-46cd-8913-0740231d8b08,[TEST] Skenario,,active,2026-07-25T09:22:10.117Z,a0000000-0000-0000-0000-000000000001,2026-07-25T09:22:10.117Z,
d660432b-56da-414c-addf-acc97131eda2,e76e8840-c0f5-4200-a13a-3a26d4fa7033,[TEST] Skenario,,active,2026-07-25T09:25:08.549Z,a0000000-0000-0000-0000-000000000001,2026-07-25T09:25:08.549Z,
be45cdea-d9f6-49b8-8c0f-3095ad0996c3,eb10b4b3-5316-46e2-b921-88abc5727ce2,[TEST] Skenario,,active,2026-07-25T09:33:31.201Z,a0000000-0000-0000-0000-000000000001,2026-07-25T09:33:31.201Z,
1c58ef18-afea-4554-8bcd-f70f44a82b5a,fccfdabb-4d55-49db-a149-8753c37ffdc6,[TEST] Skenario,,active,2026-07-25T09:36:48.571Z,a0000000-0000-0000-0000-000000000001,2026-07-25T09:36:48.571Z,
cfca8de9-7f8a-4eca-92cc-194b3cb7719e,17972089-4a3b-4a33-8f90-50d632e0c4e2,[TEST] Skenario,,active,2026-07-25T09:39:45.674Z,a0000000-0000-0000-0000-000000000001,2026-07-25T09:39:45.674Z,
429164fd-fa7d-4c14-ae46-d41dd338e99d,bf1172d2-5da9-41d6-a420-9f9d41b5c5eb,[TEST] Skenario,,active,2026-07-25T09:49:19.073Z,a0000000-0000-0000-0000-000000000001,2026-07-25T09:49:19.073Z,
ca72748c-9ece-47d0-92d1-fcfd8924aaf8,34db5933-1279-4c93-b27f-1cdec9b7eb5d,[TEST] Skenario,,active,2026-07-25T10:11:40.347Z,a0000000-0000-0000-0000-000000000001,2026-07-25T10:11:40.347Z,
d2ee35c0-0b56-4004-be77-fc8f49987f89,859a2f62-4ed1-4f1c-9338-6205261fcd02,[TEST] Skenario,,active,2026-07-25T10:14:40.267Z,a0000000-0000-0000-0000-000000000001,2026-07-25T10:14:40.267Z,
8694305e-e55b-4c3d-954a-da4b1200a670,f0faf971-d464-4242-ba40-3ebe736716fb,[TEST] Skenario,,active,2026-07-25T10:24:41.494Z,a0000000-0000-0000-0000-000000000001,2026-07-25T10:24:41.494Z,
dd29f0f6-8caa-4195-a6d4-5ad68a0cd5a7,0e0b143b-02f5-4142-acd6-b82bce200461,[TEST] Skenario,,active,2026-07-25T13:28:39.557Z,a0000000-0000-0000-0000-000000000001,2026-07-25T13:28:39.557Z,
b43ee84b-9d38-4e53-a0f3-60ec69c7f137,88026219-d19b-4c94-93ad-7c7d75d5b122,[TEST] Skenario,,active,2026-07-25T13:38:32.362Z,a0000000-0000-0000-0000-000000000001,2026-07-25T13:38:32.362Z,
5525318f-11c1-4d51-bd27-612c1f35ada2,21decc31-4ff1-40a0-92dc-d53c5cff8bf2,[TEST] Skenario,,active,2026-07-25T13:53:41.952Z,a0000000-0000-0000-0000-000000000001,2026-07-25T13:53:41.952Z,
ba0b9902-b427-490b-b948-70f46447f295,0b47576b-00ee-4522-8162-b9d3d904485b,[TEST] Skenario,,active,2026-07-25T14:06:49.094Z,a0000000-0000-0000-0000-000000000001,2026-07-25T14:06:49.094Z,
a63b5461-afb8-44b9-8656-4580bef637bc,a362cb15-2b30-433e-9e6a-7af74c44adba,[TEST] Skenario,,active,2026-07-25T14:14:37.937Z,a0000000-0000-0000-0000-000000000001,2026-07-25T14:14:37.937Z,
379546cd-2ebe-40dc-a252-20a0d87c9a65,782ad267-1fd4-475c-9f72-539cab5fe828,[TEST] Skenario,,active,2026-07-25T14:22:54.805Z,a0000000-0000-0000-0000-000000000001,2026-07-25T14:22:54.805Z,
d33ce25d-ede5-4c10-ade9-0ca2583c39e0,093c9184-7ca9-465e-b2ca-b2cc57c85261,[TEST] Skenario,,active,2026-07-25T14:59:13.638Z,a0000000-0000-0000-0000-000000000001,2026-07-25T14:59:13.638Z,
26c34b23-0864-460a-b66d-1a44b53d975f,0c9d9207-e1e8-42f2-aa38-8b906e506884,[TEST] Skenario,,active,2026-07-25T15:34:34.240Z,a0000000-0000-0000-0000-000000000001,2026-07-25T15:34:34.240Z,
44774a22-796e-41d1-ad6b-da46b5ce5eed,3aff5f10-f9f1-43b6-8be7-84a34e4e8b8d,[TEST] Skenario,,active,2026-07-25T15:34:40.721Z,a0000000-0000-0000-0000-000000000001,2026-07-25T15:34:40.721Z,
442091d1-1fda-48a5-81fe-f8463485261f,caf399c3-3f66-401c-b78b-892bb027deb6,[TEST] Skenario,,active,2026-07-25T15:58:04.492Z,a0000000-0000-0000-0000-000000000001,2026-07-25T15:58:04.492Z,
18c4d0f1-7a56-4a0e-a525-c6d2a4b4b046,1e1770a9-c3e4-4f87-b429-c428f69d30f6,[TEST] Skenario,,active,2026-07-25T15:58:23.298Z,a0000000-0000-0000-0000-000000000001,2026-07-25T15:58:23.298Z,
47c16d7a-c567-4a70-a3a7-a10c68a84b00,4673293f-8dd9-4833-b480-35abde1f74e2,[TEST] Skenario,,active,2026-07-25T16:04:02.650Z,a0000000-0000-0000-0000-000000000001,2026-07-25T16:04:02.650Z,
96cd3e5e-d987-4ad3-9970-c5a0a12c739d,041e65e2-2fc1-4e73-9d79-25d8fdf28bc4,[TEST] Skenario,,active,2026-07-25T16:04:08.523Z,a0000000-0000-0000-0000-000000000001,2026-07-25T16:04:08.523Z,
60f66a2c-0b38-4dab-9455-0aa5076d142f,83c13e79-41e7-4d40-beb5-209cb3096df2,[TEST] Skenario,,active,2026-07-25T17:19:33.488Z,a0000000-0000-0000-0000-000000000001,2026-07-25T17:19:33.488Z,
41631697-adbe-4d44-9e64-1cf0dd718f7f,3930b688-703f-44b3-b795-13eff96b5c84,[TEST] Skenario,,active,2026-07-25T17:22:52.026Z,a0000000-0000-0000-0000-000000000001,2026-07-25T17:22:52.026Z,
d0886425-7bd6-44aa-85ca-bbc4555fae17,36132407-65db-41d2-a3cd-cc78397be42f,[TEST] Skenario,,active,2026-07-25T17:33:57.712Z,a0000000-0000-0000-0000-000000000001,2026-07-25T17:33:57.712Z,
6a049fc2-1460-4255-8b71-9b3f7b9f2260,7a1edc62-67ee-42b5-af8c-b86aadb6207d,[TEST] Skenario,,active,2026-07-25T18:08:43.273Z,a0000000-0000-0000-0000-000000000001,2026-07-25T18:08:43.273Z,
823ea0d3-136e-4b8a-841a-d9ee55dfe2da,dff9a040-4619-4d7d-ae92-5997e8a576ee,[TEST] Skenario,,active,2026-07-25T18:17:27.015Z,a0000000-0000-0000-0000-000000000001,2026-07-25T18:17:27.015Z,
aabf9978-b113-4d32-9863-66dafecf09d6,41ba7af0-4c3c-40fd-a8cf-249577f64303,[TEST] Skenario,,active,2026-07-25T19:19:43.402Z,a0000000-0000-0000-0000-000000000001,2026-07-25T19:19:43.402Z,
dd0424ba-8184-4de7-9b13-9010cdeda1a2,2ad44c0e-7e60-40c6-90a4-8aad0d03ce52,[TEST] Skenario,,active,2026-07-25T19:29:58.492Z,a0000000-0000-0000-0000-000000000001,2026-07-25T19:29:58.492Z,
b3151b50-e0a6-4ea4-9366-077f525c2cb1,d4f2abf8-8fae-4fa7-a3c1-e970ae992abf,[TEST] Skenario,,active,2026-07-25T20:10:05.966Z,a0000000-0000-0000-0000-000000000001,2026-07-25T20:10:05.966Z,
d421fb46-100a-4ce7-b016-b422eeb15499,d6313f42-6917-498e-ac8c-af0b7c8e9e75,[TEST] Skenario,,active,2026-07-25T20:20:19.763Z,a0000000-0000-0000-0000-000000000001,2026-07-25T20:20:19.763Z,
f05f3fcd-7397-4efc-ac8b-3da01884287d,c50bbf9a-773e-4e2c-a36f-ce9e0c66695b,[TEST] Skenario,,active,2026-07-25T20:48:03.740Z,a0000000-0000-0000-0000-000000000001,2026-07-25T20:48:03.740Z,
20c55afb-23e6-45ba-86dc-307e94bee02a,b9661c9f-e68d-412b-b05c-e5d7ee6358c8,[TEST] Skenario,,active,2026-07-25T20:56:11.424Z,a0000000-0000-0000-0000-000000000001,2026-07-25T20:56:11.424Z,
aca4b078-b459-4255-9e25-6f8831b5b462,fc38c335-44b6-40dc-8f1d-758f53d8962b,[TEST] Skenario,,active,2026-07-25T21:04:12.203Z,a0000000-0000-0000-0000-000000000001,2026-07-25T21:04:12.203Z,
bcca2f91-671c-4500-9318-ed7ee234a70e,e0d5baeb-e6cf-4ff7-af8b-aa518b32ab92,[TEST] Skenario,,active,2026-07-26T20:08:42.598Z,a0000000-0000-0000-0000-000000000001,2026-07-26T20:08:42.598Z,
a08448c0-0ae7-4ae0-bd6d-b25d7ff1f16a,ac14c433-9e1d-4a47-a3dc-652cbe075b6b,[TEST] Skenario,,active,2026-07-28T16:27:49.063Z,a0000000-0000-0000-0000-000000000001,2026-07-28T16:27:49.063Z,
8b31b362-c89e-4382-b99a-7ec061296f95,7cfced2a-1770-4126-a812-278efc6d8134,[TEST] Skenario,,active,2026-07-28T19:23:21.802Z,a0000000-0000-0000-0000-000000000001,2026-07-28T19:23:21.802Z,
993feebd-0dd0-43c2-970a-f3c049f87368,001d33f2-cfb9-4929-be8a-5a3aa2d26771,[TEST] Skenario,,active,2026-07-28T19:25:24.432Z,a0000000-0000-0000-0000-000000000001,2026-07-28T19:25:24.432Z,
896afcc4-230b-4b4f-a6c4-b678be947597,fcae84bd-3ed0-43a7-b34d-18392a7e68a2,[TEST] Skenario,,active,2026-07-28T19:28:49.899Z,a0000000-0000-0000-0000-000000000001,2026-07-28T19:28:49.899Z,
711b1854-582d-450c-88ad-42c010fa1133,5119aa3d-5cff-4df8-a0ed-9f737e71ef81,[TEST] Skenario,,active,2026-07-28T19:33:19.936Z,a0000000-0000-0000-0000-000000000001,2026-07-28T19:33:19.936Z,
81c7fd57-12d6-434b-8fa8-4dfdddb6584a,03ff2142-4b29-41bf-bc08-55a72a9c68f5,[TEST] Skenario,,active,2026-07-28T19:41:03.977Z,a0000000-0000-0000-0000-000000000001,2026-07-28T19:41:03.977Z,
7d18c893-41fd-4776-a238-367d79a420c3,6a479611-e2c6-4426-bf4a-674e95c9baa9,[TEST] Skenario,,active,2026-07-28T19:57:49.102Z,a0000000-0000-0000-0000-000000000001,2026-07-28T19:57:49.102Z,
53f8d8ff-a606-4049-8e09-98475bdb6569,769c46e0-0824-48b5-9714-eed0d4e8ab07,[TEST] Skenario,,active,2026-07-28T20:01:51.825Z,a0000000-0000-0000-0000-000000000001,2026-07-28T20:01:51.825Z,
a2a5f662-f4ce-4358-b05f-e2e973c3e633,1e232c39-fc94-47f3-a0c7-b6527cc2375f,[TEST] Skenario,,active,2026-07-28T20:07:50.929Z,a0000000-0000-0000-0000-000000000001,2026-07-28T20:07:50.929Z,
92880126-b354-4276-8521-f1a62e37ae3c,31e69c78-c5d4-4716-aa7e-1a7c6c54d331,[TEST] Skenario,,active,2026-07-28T20:11:49.925Z,a0000000-0000-0000-0000-000000000001,2026-07-28T20:11:49.925Z,
97945251-ee4f-45ef-935d-5cd54bc8aabb,5f15594c-31a5-4fff-b1ab-d0b00147dc52,[TEST] Skenario,,active,2026-07-28T20:15:55.989Z,a0000000-0000-0000-0000-000000000001,2026-07-28T20:15:55.989Z,
d4aa9536-b268-4253-b29c-1a72e54ba367,80f5bd94-26a3-430a-b32d-99d7f111a989,[TEST] Skenario,,active,2026-07-28T20:35:58.987Z,a0000000-0000-0000-0000-000000000001,2026-07-28T20:35:58.987Z,
dba2923c-ac09-4946-8265-55e0ef4c56a5,56f9e1ab-7c3b-4f91-b692-9ceb5aac6c2e,[TEST] Skenario,,active,2026-07-28T21:27:07.992Z,a0000000-0000-0000-0000-000000000001,2026-07-28T21:27:07.992Z,
a40bebb1-aa26-4c03-be4a-0f6103b61326,75847998-3c2c-4f59-83e4-5ed99b0c841f,[TEST] Skenario,,active,2026-07-29T08:56:08.755Z,a0000000-0000-0000-0000-000000000001,2026-07-29T08:56:08.755Z,
39850e9b-b735-4274-8c72-4157a1462996,ab3f9dc6-0e0e-4cc7-98b6-4ef7b8f7fe1d,[TEST] Skenario,,active,2026-07-29T03:54:26.052Z,a0000000-0000-0000-0000-000000000001,2026-07-29T03:54:26.052Z,
5f31cd33-2286-4c4a-a067-6537759dae7f,867f3b8c-7f1b-4198-80a7-0fab06eba083,[TEST] Skenario,,active,2026-07-29T05:04:24.427Z,a0000000-0000-0000-0000-000000000001,2026-07-29T05:04:24.427Z,
8d6bb986-db2e-4c6e-a9ea-8c88d9c4a76c,b47680bd-fe49-447a-88bd-98503f42a9ba,[TEST] Skenario,,active,2026-07-31T13:07:45.939Z,a0000000-0000-0000-0000-000000000001,2026-07-31T13:07:45.939Z,
8c819e8a-54e3-43fc-bfdd-c7c0fc659e6f,47260603-fba3-49a9-b081-686b9e02c887,[TEST] Skenario,,active,2026-07-28T20:41:02.917Z,a0000000-0000-0000-0000-000000000001,2026-07-28T20:41:02.917Z,
1a680081-1c48-42fc-9da5-11c8bc37f12a,0472e35e-ad55-4a3f-99ed-a455c2ee4b28,[TEST] Skenario,,active,2026-07-28T21:30:20.417Z,a0000000-0000-0000-0000-000000000001,2026-07-28T21:30:20.417Z,
57450790-1a38-41ec-b48f-9e33e19416f4,8e9120c0-7d97-4850-ade3-970ddc918505,[TEST] Skenario,,active,2026-07-29T13:24:18.483Z,a0000000-0000-0000-0000-000000000001,2026-07-29T13:24:18.483Z,
ccafc81a-39b4-42b9-8f8e-cfc870af27b8,5a333cda-f5cf-4a96-b6fd-1d2048191626,[TEST] Skenario,,active,2026-07-29T03:57:01.949Z,a0000000-0000-0000-0000-000000000001,2026-07-29T03:57:01.949Z,
9ca9cb5f-a281-469d-b08a-0276e364e64d,68a4dd41-2c3d-454c-82f5-e429e1a8df12,[TEST] Skenario,,active,2026-07-28T20:45:00.451Z,a0000000-0000-0000-0000-000000000001,2026-07-28T20:45:00.451Z,
820cf81b-c380-44da-a50e-867b02b4bb61,c25c5dad-aad6-40c0-ac85-15e793e78f00,[TEST] Skenario,,active,2026-07-29T09:22:09.832Z,a0000000-0000-0000-0000-000000000001,2026-07-29T09:22:09.832Z,
2e082039-d7ff-4837-8b88-cd45da406b97,465149f8-e196-4dfc-96e8-fd6fa659dd04,[TEST] Skenario,,active,2026-07-29T05:08:03.904Z,a0000000-0000-0000-0000-000000000001,2026-07-29T05:08:03.904Z,
ed859e2a-c8a1-47a4-87f6-916356168baa,435ebdf5-985a-4790-9d44-6db2687ae67a,[TEST] Skenario,,active,2026-07-28T21:51:32.266Z,a0000000-0000-0000-0000-000000000001,2026-07-28T21:51:32.266Z,
062fed0c-1368-4656-a845-101eca0d4f1e,4e3eaf59-fdf4-447c-be8d-52640b76be97,[TEST] Skenario,,active,2026-07-28T20:53:14.106Z,a0000000-0000-0000-0000-000000000001,2026-07-28T20:53:14.106Z,
434425d3-6e0d-42e6-bb12-04249580c6e9,d6a95cbf-cec2-41fa-8d93-b212b3020e22,[TEST] Skenario,,active,2026-07-29T03:59:38.169Z,a0000000-0000-0000-0000-000000000001,2026-07-29T03:59:38.169Z,
dfede9a7-55c5-44a0-b7f5-db5de8628e48,4e59c4f4-2afe-42d6-b92f-9f881c3bda29,[TEST] Skenario,,active,2026-07-28T21:56:44.070Z,a0000000-0000-0000-0000-000000000001,2026-07-28T21:56:44.070Z,
9f8afb10-2a08-4b4b-bc59-21b346e523d3,18de6996-15d2-43c3-b82c-790ea91a3904,[TEST] Skenario,,active,2026-07-29T13:27:20.478Z,a0000000-0000-0000-0000-000000000001,2026-07-29T13:27:20.478Z,
425b524d-bf2f-4114-b8d6-124df15280a1,4056ca94-ae19-441b-b282-f6a555460ef8,[TEST] Skenario,,active,2026-07-29T05:23:44.454Z,a0000000-0000-0000-0000-000000000001,2026-07-29T05:23:44.454Z,
e382803b-f5c5-4e22-9f2a-a9db1c879388,03cf010b-3743-4573-999c-d92f08a7876c,[TEST] Skenario,,active,2026-07-28T20:55:55.403Z,a0000000-0000-0000-0000-000000000001,2026-07-28T20:55:55.403Z,
af4edac7-6fe5-4447-8b3c-4b90f83fb526,02912402-d4d1-4aba-af7a-f14af760185c,[TEST] Skenario,,active,2026-07-29T09:49:54.366Z,a0000000-0000-0000-0000-000000000001,2026-07-29T09:49:54.366Z,
57ca6c18-5489-4126-9256-cefe5ab94cf3,3df86e12-c2f1-462f-8018-7abad94944e6,[TEST] Skenario,,active,2026-07-29T04:02:32.562Z,a0000000-0000-0000-0000-000000000001,2026-07-29T04:02:32.562Z,
a78c5041-2639-4b06-85af-609acdf8dc8b,0a955ac8-19d2-4b5c-822c-cd49da594b51,[TEST] Skenario,,active,2026-07-29T03:17:17.716Z,a0000000-0000-0000-0000-000000000001,2026-07-29T03:17:17.716Z,
ba112998-4fdc-4b89-a546-b5a5b9fa07b4,7936809a-a87c-42bc-a803-d35f0d8c84d2,[TEST] Skenario,,active,2026-07-28T21:00:20.959Z,a0000000-0000-0000-0000-000000000001,2026-07-28T21:00:20.959Z,
653c1007-61ce-4177-9b86-b9ef6eacab73,46535864-7652-42d6-95c9-91233eb9da1d,[TEST] Skenario,,active,2026-07-29T06:15:10.246Z,a0000000-0000-0000-0000-000000000001,2026-07-29T06:15:10.246Z,
cbe391af-311b-4745-a970-0c54888523d6,c11ad326-aa1d-48aa-9d5b-3a7b92f90a8e,[TEST] Skenario,,active,2026-07-29T04:22:43.092Z,a0000000-0000-0000-0000-000000000001,2026-07-29T04:22:43.092Z,
e13e62ff-0c25-42d9-903e-b44fd6d03f7f,b382d482-83d6-4045-8971-bb256bef63bd,[TEST] Skenario,,active,2026-07-29T03:27:24.900Z,a0000000-0000-0000-0000-000000000001,2026-07-29T03:27:24.900Z,
19ec5440-40f6-4d42-9f09-cf97d1f0c0f0,2fcb1a94-6c5c-4938-8320-d67c4bc6fd69,[TEST] Skenario,,active,2026-07-28T21:05:21.487Z,a0000000-0000-0000-0000-000000000001,2026-07-28T21:05:21.487Z,
46cf9521-d0b0-446e-b811-ba75c4d5de68,510714ba-87ac-4771-b24a-f7351ae4f912,[TEST] Skenario,,active,2026-07-29T09:54:00.996Z,a0000000-0000-0000-0000-000000000001,2026-07-29T09:54:00.996Z,
891e5efb-4485-46e9-8f8e-d0d66ebf082f,ea7b6d4c-fc58-44b5-a694-d41320897484,[TEST] Skenario,,active,2026-07-29T14:45:13.687Z,a0000000-0000-0000-0000-000000000001,2026-07-29T14:45:13.687Z,
c9081263-df8d-4262-9c86-482f0b7e5668,7b39eebf-1103-413f-a4a2-bd5c332789d3,[TEST] Skenario,,active,2026-07-29T06:27:39.147Z,a0000000-0000-0000-0000-000000000001,2026-07-29T06:27:39.147Z,
e44eddf5-8ab8-4887-aab1-086a4b56a858,02f3b532-1574-443d-a7bf-af9c48090f10,[TEST] Skenario,,active,2026-07-28T21:13:00.847Z,a0000000-0000-0000-0000-000000000001,2026-07-28T21:13:00.847Z,
6737b3ee-260e-45ff-b117-ad80c7caffbb,3ea53672-1422-40d6-b89e-40a237abff7f,[TEST] Skenario,,active,2026-07-29T03:31:50.646Z,a0000000-0000-0000-0000-000000000001,2026-07-29T03:31:50.646Z,
290963fc-2e69-45ed-9e83-b69676def042,6a9c9cef-c717-4564-b352-250484d3e25c,[TEST] Skenario,,active,2026-07-29T04:25:37.500Z,a0000000-0000-0000-0000-000000000001,2026-07-29T04:25:37.500Z,
de83e553-8841-4a88-ae93-2b811164f8a3,e691db86-494b-47ce-8df9-d3a6650d9d96,[TEST] Skenario,,active,2026-07-29T10:44:17.959Z,a0000000-0000-0000-0000-000000000001,2026-07-29T10:44:17.959Z,
996b0e53-77d8-4b39-b5b0-4250c350fd1e,c614f945-d6d4-4d55-9dfb-36511ad3d1bf,[TEST] Skenario,,active,2026-07-28T21:15:34.718Z,a0000000-0000-0000-0000-000000000001,2026-07-28T21:15:34.718Z,
b6cc9f80-2913-4ff3-8ddc-daf5bacc1f49,a2c56a5b-29e3-4bd1-86ba-d61174722488,[TEST] Skenario,,active,2026-07-29T03:34:15.853Z,a0000000-0000-0000-0000-000000000001,2026-07-29T03:34:15.853Z,
740a6b1a-5b62-4946-b8ff-bd5d4e3920ec,a63fde1e-97ae-4d40-8063-2bc4fd8c2218,[TEST] Skenario,,active,2026-07-29T04:31:40.345Z,a0000000-0000-0000-0000-000000000001,2026-07-29T04:31:40.345Z,
27fc763c-9426-4acd-9f83-272ae08a9596,0cc18c64-3c17-40d1-a3dd-4dcb719d09ec,[TEST] Skenario,,active,2026-07-29T06:33:54.137Z,a0000000-0000-0000-0000-000000000001,2026-07-29T06:33:54.137Z,
dda82069-41a0-45da-9507-315eb0b433d2,798eb29c-f0c4-4f34-8e59-1e40f08bc007,[TEST] Skenario,,active,2026-07-28T21:18:48.878Z,a0000000-0000-0000-0000-000000000001,2026-07-28T21:18:48.878Z,
409caf0b-e82b-4215-890f-ab192520ff92,453a578e-a669-4749-ba11-159c0b8e32b6,[TEST] Skenario,,active,2026-07-29T03:37:04.784Z,a0000000-0000-0000-0000-000000000001,2026-07-29T03:37:04.784Z,
058f9013-ab49-4b0b-af4c-4564d88f7508,c8acc1a4-d00b-4937-8753-34a68b0820b4,[TEST] Skenario,,active,2026-07-29T10:49:09.376Z,a0000000-0000-0000-0000-000000000001,2026-07-29T10:49:09.376Z,
0373fe28-8aa2-4773-a1e2-a543e4851a4c,499e9e98-4bb6-4925-a722-602764dd3460,[TEST] Skenario,,active,2026-07-29T04:36:47.527Z,a0000000-0000-0000-0000-000000000001,2026-07-29T04:36:47.527Z,
820dbe1d-4a29-43fa-8671-b08dbc35f95a,dd99da72-9bbc-4d59-9caa-9f3f5ddc5b98,[TEST] Skenario,,active,2026-07-28T21:24:28.816Z,a0000000-0000-0000-0000-000000000001,2026-07-28T21:24:28.816Z,
5478c5bd-0c4f-4f4f-aaae-9a302961daaa,a9e7a37b-8f89-4cdf-ab83-ab602c9a9ba2,[TEST] Skenario,,active,2026-07-29T06:49:50.807Z,a0000000-0000-0000-0000-000000000001,2026-07-29T06:49:50.807Z,
6614d592-e410-450c-9ae9-10434612b54c,911ba575-ead9-4336-94d7-831ac14a7bac,[TEST] Skenario,,active,2026-07-29T03:39:42.279Z,a0000000-0000-0000-0000-000000000001,2026-07-29T03:39:42.279Z,
25ff68a0-0454-4dae-afd6-49fed6827b06,4e466f49-a424-4be0-b4f4-d88b661ce1cd,[TEST] Skenario,,active,2026-07-29T04:39:33.283Z,a0000000-0000-0000-0000-000000000001,2026-07-29T04:39:33.283Z,
e90907bd-378f-4a30-af90-28916e8bcee0,84ef7641-22fa-4682-a3a3-06d8e85989e3,[TEST] Skenario,,active,2026-07-29T11:27:37.703Z,a0000000-0000-0000-0000-000000000001,2026-07-29T11:27:37.703Z,
b90c9b52-d8ec-4b2c-b80c-e5baef68521d,9d9d7a65-f9e6-443e-9a78-a95f74b71d04,[TEST] Skenario,,active,2026-07-29T03:44:47.286Z,a0000000-0000-0000-0000-000000000001,2026-07-29T03:44:47.286Z,
7a6c95a0-9c54-40ba-930f-49ad278dd4ae,8351ea13-117b-4d3d-a56e-ddbee311b809,[TEST] Skenario,,active,2026-07-29T06:58:30.529Z,a0000000-0000-0000-0000-000000000001,2026-07-29T06:58:30.529Z,
6dc5a440-25ae-4362-bce7-19c58c522d23,dcd65d31-9646-4fe7-b077-63088d56b522,[TEST] Skenario,,active,2026-07-29T04:42:34.316Z,a0000000-0000-0000-0000-000000000001,2026-07-29T04:42:34.316Z,
c56f230b-3e4f-435c-b63c-e6f10a4e0981,98b56ea2-030a-46ca-9848-2a4c04399b50,[TEST] Skenario,,active,2026-07-29T03:50:37.114Z,a0000000-0000-0000-0000-000000000001,2026-07-29T03:50:37.114Z,
e8f23784-69db-4f78-9514-1a3988305fb4,4bd0bf2a-c6f8-4a3f-aa79-668ccfb7fadc,[TEST] Skenario,,active,2026-07-29T11:31:23.208Z,a0000000-0000-0000-0000-000000000001,2026-07-29T11:31:23.208Z,
05358616-4984-4046-8064-e2fdd07221e7,3b47b47c-ded1-46fa-b479-134093afa7cf,[TEST] Skenario,,active,2026-07-29T07:04:38.272Z,a0000000-0000-0000-0000-000000000001,2026-07-29T07:04:38.272Z,
67f4d99e-3db7-4537-8515-1ccc1822db44,157f7de3-4892-455a-b2e3-22c9139e0dfd,[TEST] Skenario,,active,2026-07-29T04:54:57.299Z,a0000000-0000-0000-0000-000000000001,2026-07-29T04:54:57.299Z,
9a9c0688-047a-4bdc-b3f7-ed066bc81b33,0dee8b2f-fd99-48ab-a664-9adfdd084268,[TEST] Skenario,,active,2026-07-29T07:28:34.220Z,a0000000-0000-0000-0000-000000000001,2026-07-29T07:28:34.220Z,
c39f81bc-254c-4c89-b4c2-dfe1b3ba5e0d,d3718558-655a-4641-adaa-cb3b0510b9ff,[TEST] Skenario,,active,2026-07-29T04:59:31.330Z,a0000000-0000-0000-0000-000000000001,2026-07-29T04:59:31.330Z,
eb5ce1fd-49bf-4cec-81e9-deb0e750fc82,59766520-5378-44e4-9c4c-4022d406f7d8,[TEST] Skenario,,active,2026-07-29T11:51:33.574Z,a0000000-0000-0000-0000-000000000001,2026-07-29T11:51:33.574Z,
181ebe58-790f-4faa-bf27-e2b6620954e3,0d8735cf-27cd-4044-9bc9-8840495d13f9,[TEST] Skenario,,active,2026-07-29T07:49:12.044Z,a0000000-0000-0000-0000-000000000001,2026-07-29T07:49:12.044Z,
3d022b54-c698-4e93-9b70-2a761fa19d1b,72b9b15f-d610-4e95-9ff0-49d013cca9b4,[TEST] Skenario,,active,2026-07-29T08:41:14.496Z,a0000000-0000-0000-0000-000000000001,2026-07-29T08:41:14.496Z,
68e94322-3654-42ed-88e3-60ad1b219a1f,a37f0442-3738-4321-a523-de98b185b3be,[TEST] Skenario,,active,2026-07-29T12:43:59.969Z,a0000000-0000-0000-0000-000000000001,2026-07-29T12:43:59.969Z,
87691d3d-94a8-4bfe-8a47-1b82053d5bff,cc478409-fa7f-47ec-908e-b6384f4af592,[TEST] Skenario,,active,2026-07-29T13:17:31.296Z,a0000000-0000-0000-0000-000000000001,2026-07-29T13:17:31.296Z,
96ca9f04-7ccb-4086-ade4-194baef556b7,2dc2afb2-2237-403f-ba7f-95dbc019b060,[TEST] Skenario,,active,2026-07-29T13:20:53.341Z,a0000000-0000-0000-0000-000000000001,2026-07-29T13:20:53.341Z,
e59fc1e6-e602-4b7f-bfe6-0a82c599e08e,d2225177-c55c-41ae-93c2-43f956a788a6,[TEST] Skenario,,active,2026-07-31T16:04:06.191Z,a0000000-0000-0000-0000-000000000001,2026-07-31T16:04:06.191Z,
d75977bc-a08f-41d3-a184-36ba0c90788d,a3b5c369-f734-4267-a35c-91b0376d4cee,[TEST] Skenario,,active,2026-07-31T17:06:37.325Z,a0000000-0000-0000-0000-000000000001,2026-07-31T17:06:37.325Z,
142c9158-f28b-4b45-b0ce-89faed2efc9d,e5b2d85b-9612-415e-b0bd-3e9076c2a57b,[TEST] Skenario,,active,2026-08-01T14:22:46.633Z,a0000000-0000-0000-0000-000000000001,2026-08-01T14:22:46.633Z,
293f3be1-1874-4af5-8f14-cabf8f62f8b2,e81ead28-aff3-4555-b24d-dc8295193838,[TEST] Skenario,,active,2026-08-01T05:41:05.984Z,a0000000-0000-0000-0000-000000000001,2026-08-01T05:41:05.984Z,
c07cbe55-35a0-4571-a59b-eeb4c6fe7109,e3b1e249-0d34-492b-9739-da406da27728,[TEST] Skenario,,active,2026-07-30T18:10:40.413Z,a0000000-0000-0000-0000-000000000001,2026-07-30T18:10:40.413Z,
ea4bb4d9-b909-4e1d-a55b-2a269e06a186,9607245b-10be-4e38-9389-c68e7528c185,[TEST] Skenario,,active,2026-07-29T15:27:49.234Z,a0000000-0000-0000-0000-000000000001,2026-07-29T15:27:49.234Z,
4b39306c-f83c-4d6f-914b-f343f4d3901c,36549e30-254c-4bbc-80da-b4d310c33afb,[TEST] Skenario,,active,2026-07-31T13:44:03.263Z,a0000000-0000-0000-0000-000000000001,2026-07-31T13:44:03.263Z,
fffb83aa-d4c8-4c20-8d3a-797e5a900b9a,d4e70109-8a2d-4cae-b279-222a6a51260e,[TEST] Skenario,,active,2026-07-31T16:08:07.921Z,a0000000-0000-0000-0000-000000000001,2026-07-31T16:08:07.921Z,
2bb43f17-9bbf-4d07-b203-614795da0a44,4819fdcc-c66a-4f01-aae6-5562d96d6261,[TEST] Skenario,,active,2026-07-29T15:43:33.833Z,a0000000-0000-0000-0000-000000000001,2026-07-29T15:43:33.833Z,
f4b64aa4-2133-47b4-b5f6-f0079b31b10b,6751d9c4-79a5-44d3-997d-5d25c9eced38,[TEST] Skenario,,active,2026-07-31T17:09:36.828Z,a0000000-0000-0000-0000-000000000001,2026-07-31T17:09:36.828Z,
2e8dd71f-6195-4557-865d-898891c78bda,fa9ba7e4-3b2f-45ca-a044-26104ecf9c38,[TEST] Skenario,,active,2026-08-01T08:04:17.379Z,a0000000-0000-0000-0000-000000000001,2026-08-01T08:04:17.379Z,
c6c52122-8bf6-47de-9e36-e6ddd264c64b,77c4bacc-8870-4b89-81e2-8f5a7efb013c,[TEST] Skenario,,active,2026-07-30T18:15:22.631Z,a0000000-0000-0000-0000-000000000001,2026-07-30T18:15:22.631Z,
707c0607-5c0e-4094-9fc8-3ae52472e81e,66e799ba-ac80-41a4-9fa4-016385bf175b,[TEST] Skenario,,active,2026-08-01T05:44:14.053Z,a0000000-0000-0000-0000-000000000001,2026-08-01T05:44:14.053Z,
050877b4-2361-48c0-825a-f23823ad26c9,961f5a12-cf31-4be1-88dc-c6270f5443ca,[TEST] Skenario,,active,2026-07-29T16:24:19.478Z,a0000000-0000-0000-0000-000000000001,2026-07-29T16:24:19.478Z,
a2f8fce5-c3f9-4e94-888a-6dcc53fe95ec,414ef567-9d27-45e1-8960-0becde53c35e,[TEST] Skenario,,active,2026-07-31T14:43:03.963Z,a0000000-0000-0000-0000-000000000001,2026-07-31T14:43:03.963Z,
88cb20bc-fe65-4430-a857-6f95debd707a,9a4f7882-eb8c-460f-bc2c-76ed5d1f6ba0,[TEST] Skenario,,active,2026-07-31T16:16:44.494Z,a0000000-0000-0000-0000-000000000001,2026-07-31T16:16:44.494Z,
29bea51a-8a2e-4007-854b-01d7817d2f70,16addcf7-21cb-4765-888b-3a83c4743ac6,[TEST] Skenario,,active,2026-07-30T19:36:28.641Z,a0000000-0000-0000-0000-000000000001,2026-07-30T19:36:28.641Z,
e0dd6126-46c4-4247-a7bc-732ae857454c,20ce47b4-e0f5-488f-8229-d44fa81d2a76,[TEST] Skenario,,active,2026-07-29T16:52:48.137Z,a0000000-0000-0000-0000-000000000001,2026-07-29T16:52:48.137Z,
f4fa0c7e-de03-4b22-97b2-031f1cda8c9f,9b6ab88b-d6ea-45f1-aed4-3657636b2b4e,[TEST] Skenario,,active,2026-07-31T17:13:33.743Z,a0000000-0000-0000-0000-000000000001,2026-07-31T17:13:33.743Z,
cb75052d-1121-4d6a-ab21-ccc4bc342c10,f6c6b605-ed3d-47f4-97af-8c0129541840,[TEST] Skenario,,active,2026-07-31T14:46:13.357Z,a0000000-0000-0000-0000-000000000001,2026-07-31T14:46:13.357Z,
781ac033-a994-4cce-a8ac-af37a953a2cc,183579b4-4bdd-4eaf-9357-b2e0f94cabe1,[TEST] Skenario,,active,2026-08-01T08:31:26.714Z,a0000000-0000-0000-0000-000000000001,2026-08-01T08:31:26.714Z,
bc24ad26-c361-4641-ae1b-22e7f7a8c9cc,b9b17b22-2113-47e0-bc80-30ebfe410e76,[TEST] Skenario,,active,2026-07-29T18:00:55.874Z,a0000000-0000-0000-0000-000000000001,2026-07-29T18:00:55.874Z,
4fdad88a-78e0-40b6-8dc1-8e839a171122,d2f38f34-294e-4ae6-9600-ba418d0a777a,[TEST] Skenario,,active,2026-08-01T05:47:36.740Z,a0000000-0000-0000-0000-000000000001,2026-08-01T05:47:36.740Z,
3f71aed7-3995-4321-aea3-e54eaa2ff7fe,ab08fa4c-5ccd-4b1e-a128-1555aeb0967d,[TEST] Skenario,,active,2026-07-30T20:06:37.320Z,a0000000-0000-0000-0000-000000000001,2026-07-30T20:06:37.320Z,
d175ca3d-83a4-4b90-b7b6-852d70d12497,34f0757d-1b1d-453d-8ad3-165a56d8ffe3,[TEST] Skenario,,active,2026-07-31T16:19:54.719Z,a0000000-0000-0000-0000-000000000001,2026-07-31T16:19:54.719Z,
649c76e5-698d-4c3d-9fb9-cf7dcdea988f,bf43a6e9-c446-4876-a448-9ba08f49a23e,[TEST] Skenario,,active,2026-07-29T18:35:19.029Z,a0000000-0000-0000-0000-000000000001,2026-07-29T18:35:19.029Z,
f4e8ec82-08a4-4bb7-8a74-386644750a42,e9dfb9d0-3781-4188-98a6-0567a9ec7474,[TEST] Skenario,,active,2026-07-31T17:28:15.412Z,a0000000-0000-0000-0000-000000000001,2026-07-31T17:28:15.412Z,
a6ed50ec-051d-4369-be17-e89f394cabcf,8990ef75-d151-444e-b38d-443bc98881e0,[TEST] Skenario,,active,2026-07-31T14:49:14.796Z,a0000000-0000-0000-0000-000000000001,2026-07-31T14:49:14.796Z,
fbc4490f-1f8a-4085-86da-8a5d9059b99d,c0000000-0000-0000-0000-000000000009,Tes,Uji Coba,active,2026-07-31T05:22:39.365Z,a0000000-0000-0000-0000-000000000001,2026-07-31T05:22:39.365Z,
e6f1b4c9-e050-49fc-85be-edf460bcb36b,c0000000-0000-0000-0000-000000000009,Test 2,Test,active,2026-07-31T05:29:06.730Z,a0000000-0000-0000-0000-000000000001,2026-07-31T05:29:06.730Z,
5c438b38-33c3-49cc-9449-516e18b9437f,c0000000-0000-0000-0000-000000000009,Test Company,UJI,active,2026-07-31T05:30:28.334Z,a0000000-0000-0000-0000-000000000001,2026-07-31T05:30:28.334Z,
b90cb556-b248-4c19-b34d-5fe698268de9,ca585104-eccd-4165-a57e-3106588bd661,[TEST] Skenario,,active,2026-07-31T11:49:22.138Z,a0000000-0000-0000-0000-000000000001,2026-07-31T11:49:22.138Z,
e0caf8d6-e7d9-4999-9271-17910f15fd5b,6f27e89d-797c-4f5b-8a7a-698703021b1f,[TEST] Skenario,,active,2026-08-01T08:35:30.259Z,a0000000-0000-0000-0000-000000000001,2026-08-01T08:35:30.259Z,
54a7721d-f6d8-42b4-97c4-bf665704cf02,0b362878-fded-4bda-a4da-a8c4961cf982,[TEST] Skenario,,active,2026-07-31T16:23:01.832Z,a0000000-0000-0000-0000-000000000001,2026-07-31T16:23:01.832Z,
818ed31b-d962-4eee-847a-e7e33fbe695c,7e9fbf02-f699-49a3-8646-a70ca9e8108e,[TEST] Skenario,,active,2026-08-01T05:50:09.281Z,a0000000-0000-0000-0000-000000000001,2026-08-01T05:50:09.281Z,
0891c733-171c-440a-ae1d-91330c6aefb0,a5997878-adc6-4791-90b9-f2d48d067947,[TEST] Skenario,,active,2026-07-30T16:12:03.441Z,a0000000-0000-0000-0000-000000000001,2026-07-30T16:12:03.441Z,
482f19ca-87e2-429c-842c-728d2f0ac05f,3defb6f9-3610-4edf-8283-76e626b309d8,[TEST] Skenario,,active,2026-07-31T14:52:21.513Z,a0000000-0000-0000-0000-000000000001,2026-07-31T14:52:21.513Z,
96c5592d-450e-4c68-ba64-648d79af2f6e,fd390962-ad57-4860-a5db-cdd6d446f082,[TEST] Skenario,,active,2026-07-31T17:40:51.463Z,a0000000-0000-0000-0000-000000000001,2026-07-31T17:40:51.463Z,
9dee6163-a68c-45d0-be85-95f7f30a6ff7,a5828008-3fd5-43a5-8a9b-2dfa5dc0026c,[TEST] Skenario,,active,2026-07-31T12:17:12.734Z,a0000000-0000-0000-0000-000000000001,2026-07-31T12:17:12.734Z,
0ed2567a-d9c3-4c3b-aff4-3b34db5d3367,9c6288e1-b792-4833-8552-c319d132e855,[TEST] Skenario,,active,2026-07-31T16:26:07.071Z,a0000000-0000-0000-0000-000000000001,2026-07-31T16:26:07.071Z,
d761e2fe-f828-4301-b44a-dc378ba94187,fcb80c5b-ca42-4c8f-9886-c4ea5b912d03,[TEST] Skenario,,active,2026-07-31T15:18:43.457Z,a0000000-0000-0000-0000-000000000001,2026-07-31T15:18:43.457Z,
7a30f01d-0103-4664-95a0-348815de618a,a831f66f-f7e7-443a-9402-6c649ffae693,[TEST] Skenario,,active,2026-08-01T05:53:00.271Z,a0000000-0000-0000-0000-000000000001,2026-08-01T05:53:00.271Z,
08934d83-b653-4f53-8d6b-fbc81d38a42b,5cde238e-b907-43d7-a1b9-6dac57a9e372,[TEST] Skenario,,active,2026-07-31T12:24:11.250Z,a0000000-0000-0000-0000-000000000001,2026-07-31T12:24:11.250Z,
238f8e4b-e166-48fb-9856-ba2822853e63,9ba0a289-d757-4416-9f5f-19353594212f,[TEST] Skenario,,active,2026-08-01T09:18:59.505Z,a0000000-0000-0000-0000-000000000001,2026-08-01T09:18:59.505Z,
45b1e23d-1566-431b-a58d-b39c614a4b3b,a20ed6e9-bfc4-4a1c-b9de-a54dc1ff47a6,[TEST] Skenario,,active,2026-07-31T17:47:44.308Z,a0000000-0000-0000-0000-000000000001,2026-07-31T17:47:44.308Z,
58d9e7aa-8df2-4d55-865b-15d9cbd42c63,6ccbcfb1-3e67-4a2d-afb2-ad418f5a6bb8,[TEST] Skenario,,active,2026-07-31T15:25:21.569Z,a0000000-0000-0000-0000-000000000001,2026-07-31T15:25:21.569Z,
975d8d20-2ed9-4fc3-afb3-9e9bba9edea8,6e6c7109-71e3-4f32-baf6-7183cca9ab49,[TEST] Skenario,,active,2026-07-31T12:46:56.789Z,a0000000-0000-0000-0000-000000000001,2026-07-31T12:46:56.789Z,
61fab41f-3b11-48ab-a678-a38fdfeeea6c,f3614551-b811-43c7-bad5-eee76ab94d8c,[TEST] Skenario,,active,2026-07-31T16:39:01.408Z,a0000000-0000-0000-0000-000000000001,2026-07-31T16:39:01.408Z,
51994429-031d-41b1-9e19-630323f35cfe,93f7dab4-8bf8-41cd-8cd8-5cb765990c50,[TEST] Skenario,,active,2026-08-01T06:06:42.610Z,a0000000-0000-0000-0000-000000000001,2026-08-01T06:06:42.610Z,
dbd390e6-2f1d-4c43-b67e-8e17eaad3c11,fe0aa753-e624-4cf9-883f-3da14173c9de,[TEST] Skenario,,active,2026-08-01T06:09:35.827Z,a0000000-0000-0000-0000-000000000001,2026-08-01T06:09:35.827Z,
45716036-f357-40a4-a9f8-43fb6ecef7f2,16ab2cde-7c61-4d29-8212-8d635942a404,[TEST] Skenario,,active,2026-07-31T17:50:40.727Z,a0000000-0000-0000-0000-000000000001,2026-07-31T17:50:40.727Z,
747f7234-1eeb-4aee-9049-aa581bd7d3ad,92a45273-d58a-415b-ad98-fed110ddd73a,[TEST] Skenario,,active,2026-08-01T09:31:52.725Z,a0000000-0000-0000-0000-000000000001,2026-08-01T09:31:52.725Z,
1ba18c3c-c93e-4c64-ac43-0fae20c6d451,adbac225-1ac8-4ef6-893f-94b2d4996e66,[TEST] Skenario,,active,2026-07-31T16:00:56.497Z,a0000000-0000-0000-0000-000000000001,2026-07-31T16:00:56.497Z,
e91102b4-916a-4d6a-965b-f602668450a1,6dc8ae8b-ee76-4946-84e1-c1248842a995,[TEST] Skenario,,active,2026-07-31T16:47:41.711Z,a0000000-0000-0000-0000-000000000001,2026-07-31T16:47:41.711Z,
b464236c-4590-4d3a-9e66-268a5678e2de,d66b85ee-fb65-4ddd-899e-5812d6876486,[TEST] Skenario,,active,2026-08-01T06:16:25.644Z,a0000000-0000-0000-0000-000000000001,2026-08-01T06:16:25.644Z,
3259650f-e96d-449d-880e-a7989770747f,1ee01fc2-0f7c-4b6e-b7ca-783c505f5230,[TEST] Skenario,,active,2026-08-01T04:25:51.283Z,a0000000-0000-0000-0000-000000000001,2026-08-01T04:25:51.283Z,
425cbf00-012f-41e5-ab64-f4e92165a503,523b9240-297a-4bb5-9d94-9b0014f8633e,[TEST] Skenario,,active,2026-07-31T16:52:44.125Z,a0000000-0000-0000-0000-000000000001,2026-07-31T16:52:44.125Z,
15170f6b-4070-4746-b706-af1b3dcf7659,33e9b593-a6c2-4b62-a440-252db9abb204,[TEST] Skenario,,active,2026-08-01T06:19:48.041Z,a0000000-0000-0000-0000-000000000001,2026-08-01T06:19:48.041Z,
548cbf7a-88b1-40d6-9dae-44e4e5dc0499,b22ed410-dfe5-42e0-9827-9dd900e2818d,[TEST] Skenario,,active,2026-08-01T04:34:02.494Z,a0000000-0000-0000-0000-000000000001,2026-08-01T04:34:02.494Z,
3f02aaaa-4220-4178-9865-c46da104ed74,d7311159-d20e-4ff8-856d-005b0307c75a,[TEST] Skenario,,active,2026-08-01T07:32:25.782Z,a0000000-0000-0000-0000-000000000001,2026-08-01T07:32:25.782Z,
d1fe6199-7b01-4848-9b4b-1e8c1a92eb94,b8c75e31-cecd-4e3b-8af1-a0985f8a822e,[TEST] Skenario,,active,2026-08-01T05:29:28.049Z,a0000000-0000-0000-0000-000000000001,2026-08-01T05:29:28.049Z,
89c780e0-9944-46af-9def-6a5148884421,26c1e08b-92f0-4266-a765-c950000b3b28,[TEST] Skenario,,active,2026-08-01T07:38:43.113Z,a0000000-0000-0000-0000-000000000001,2026-08-01T07:38:43.113Z,
7d58f08f-a6fd-4f97-8810-ca8579c01607,f14083f0-8f7d-4391-9ade-79ac6f752077,[TEST] Skenario,,active,2026-08-01T07:43:04.868Z,a0000000-0000-0000-0000-000000000001,2026-08-01T07:43:04.868Z,
b8acfdad-3492-4cad-844c-cb693542449c,fa065406-9a92-4a1b-8414-8b335cc96187,[TEST] Skenario,,active,2026-08-01T11:42:55.501Z,a0000000-0000-0000-0000-000000000001,2026-08-01T11:42:55.501Z,
a93ee1b7-4206-4f85-bdb4-5f02a6a6ed1d,88dba2b3-be60-4f07-a923-8f0faf966ffc,[TEST] Skenario,,active,2026-08-01T09:41:13.460Z,a0000000-0000-0000-0000-000000000001,2026-08-01T09:41:13.460Z,
fc8e54bd-5940-410f-928f-96c470a530ed,d7eb7b80-fee8-49af-a0ce-c825acb68d48,[TEST] Skenario,,active,2026-08-01T16:09:25.255Z,a0000000-0000-0000-0000-000000000001,2026-08-01T16:09:25.255Z,
2f9892c0-7935-45ad-8486-c79aa9cc6ea3,5ff0bc65-9781-479c-8c49-03df7e8825c5,[TEST] Skenario,,active,2026-08-01T09:59:43.227Z,a0000000-0000-0000-0000-000000000001,2026-08-01T09:59:43.227Z,
bd73f86f-5df6-41ae-abe2-f0bfb623e5ee,e6b45c8e-5b94-40e6-a8f0-8d827b0f1a12,[TEST] Skenario,,active,2026-08-01T12:08:51.440Z,a0000000-0000-0000-0000-000000000001,2026-08-01T12:08:51.440Z,
6392bfde-c29e-4af6-96cb-6f82174c9961,c8d45994-3c54-4f75-8e85-6850704ac67c,[TEST] Skenario,,active,2026-08-01T10:57:11.808Z,a0000000-0000-0000-0000-000000000001,2026-08-01T10:57:11.808Z,
d87f7cf8-6f36-4a0e-80da-11afb3c3c992,a917627a-d886-4573-ac34-ea059a5f1765,[TEST] Skenario,,active,2026-08-01T12:29:36.057Z,a0000000-0000-0000-0000-000000000001,2026-08-01T12:29:36.057Z,
cc9d9546-3af4-4ea1-be68-a7590ba03e5c,f55b435a-a6d3-4399-a37e-0cf750156dde,[TEST] Skenario,,active,2026-08-01T16:16:13.055Z,a0000000-0000-0000-0000-000000000001,2026-08-01T16:16:13.055Z,
ede2f29a-d1eb-4ffa-b796-4d4ac224e3b1,20be0bdd-d6f5-406a-a901-06611c782d3e,[TEST] Skenario,,active,2026-08-01T11:10:48.141Z,a0000000-0000-0000-0000-000000000001,2026-08-01T11:10:48.141Z,
3641418e-bda8-4c7b-888b-3b7c4cff3f94,05357856-68b0-4404-a1de-820c51bcf30e,[TEST] Skenario,,active,2026-08-01T12:35:05.487Z,a0000000-0000-0000-0000-000000000001,2026-08-01T12:35:05.487Z,
4841a64e-084e-437a-837a-57ac74eb8fa6,15f4b9cf-ed3d-4942-a7ef-8d645353853c,[TEST] Skenario,,active,2026-08-01T16:22:56.089Z,a0000000-0000-0000-0000-000000000001,2026-08-01T16:22:56.089Z,
f7398f0a-e73f-473c-bb0d-8eabaf914635,f099bdf3-883c-46b3-ad6e-9ba92bca8de5,[TEST] Skenario,,active,2026-08-01T12:38:22.391Z,a0000000-0000-0000-0000-000000000001,2026-08-01T12:38:22.391Z,
4c86b8ce-92ab-4c70-851e-9e1d51c465f2,17c4d802-fe04-4c2d-aa61-0067ea1341b3,[TEST] Skenario,,active,2026-08-01T16:29:40.164Z,a0000000-0000-0000-0000-000000000001,2026-08-01T16:29:40.164Z,
2787c260-ed9d-4cc1-a36b-5cc055a12d15,7ab0aee8-55f0-4aeb-8fd1-be9f11dca83d,[TEST] Skenario,,active,2026-08-01T12:41:32.067Z,a0000000-0000-0000-0000-000000000001,2026-08-01T12:41:32.067Z,
f3f3fa91-5b7e-4290-b213-024cb7ffa816,50b546ca-40ec-4bfc-857e-0cfbad68018d,[TEST] Skenario,,active,2026-08-01T16:58:52.204Z,a0000000-0000-0000-0000-000000000001,2026-08-01T16:58:52.204Z,
4d585090-8bc9-4001-84bb-0edbf9ae1aa0,bdcac287-03e8-4eb1-853c-3611c6f16004,[TEST] Skenario,,active,2026-08-01T12:58:42.205Z,a0000000-0000-0000-0000-000000000001,2026-08-01T12:58:42.205Z,
4886fe66-3e90-4095-bf75-94694f79d4ee,1d084ac7-02f6-4b30-ab11-47b952d829e0,[TEST] Skenario,,active,2026-08-01T13:02:11.151Z,a0000000-0000-0000-0000-000000000001,2026-08-01T13:02:11.151Z,
e3b8ee5a-f485-4e10-be29-bb9604c9f3bf,0e5840fd-04e8-4643-81b6-df3dc6e57d3c,[TEST] Skenario,,active,2026-08-01T13:15:57.595Z,a0000000-0000-0000-0000-000000000001,2026-08-01T13:15:57.595Z,
5a68621c-1e1e-42d3-bd4c-b8f26416ecb8,81a4ec07-6ca7-44bd-8dbf-135c97f92390,[TEST] Skenario,,active,2026-08-01T14:01:58.394Z,a0000000-0000-0000-0000-000000000001,2026-08-01T14:01:58.394Z,
